id,company,title,season,season_inferred,seasons,program,remote,category,location,sponsorship,h1b_approvals,salary,skills,posted_at,posted_at_source,first_seen_at,url
amazon:amazon:10529525,Amazon,"Software Development Engineer Intern, ROBOTICS - 2027",Summer 2027,False,,Internship,,Hardware,"North Reading, Massachusetts, USA",unknown,23139,,Python; Java; C++; C#; Rust; TypeScript; SQL; LLMs,2026-09-04T00:00:00Z,date_only,2026-09-04T04:41:06Z,https://www.amazon.jobs/en/jobs/10529525/software-development-engineer-intern-robotics-2027
greenhouse:garnerhealth:6164698004,Garner Health,Software Engineering Intern,Not stated,True,,Internship,,Software,"New York City, New York",no-sponsorship,,,Python; TypeScript; JavaScript; React; Node.js; AWS; Kubernetes; Docker,2026-09-04T17:39:04-04:00,exact,2026-09-04T21:58:39Z,https://job-boards.greenhouse.io/garnerhealth/jobs/6164698004
greenhouse:scaleai:4730845005,Scale AI,Software Engineering Intern (Summer 2027),Summer 2027,False,,Internship,,Software,"San Francisco, CA",unknown,26,,Python; TypeScript; LLMs; React; MongoDB,2026-09-04T12:00:19-04:00,exact,2026-09-04T17:22:30Z,https://job-boards.greenhouse.io/scaleai/jobs/4730845005
greenhouse:schonfeld:8171692,Schonfeld,2027 Data Science Intern,Summer 2027,False,,Internship,,Data & ML/AI,"New York, New York, United States",unknown,,,Python; SQL; Docker; Kafka; Airflow,2026-09-04T12:42:57-04:00,exact,2026-09-04T17:22:30Z,https://job-boards.greenhouse.io/schonfeld/jobs/8171692
greenhouse:schonfeld:8171696,Schonfeld,2027 Cybersecurity Operations Intern,Summer 2027,False,,Internship,,Security,"New York, New York, United States",unknown,,,,2026-09-04T12:42:38-04:00,exact,2026-09-04T17:22:30Z,https://job-boards.greenhouse.io/schonfeld/jobs/8171696
greenhouse:schonfeld:8180089,Schonfeld,2027 Software Engineering Intern,Summer 2027,False,,Internship,,Software,"New York, New York, United States",unknown,,,Python; Java; C++; Git,2026-09-04T12:41:36-04:00,exact,2026-09-04T17:22:30Z,https://job-boards.greenhouse.io/schonfeld/jobs/8180089
oracle:edbz.fa.us2.oraclecloud.com:25017705,Texas Instruments,Systems Engineering Intern - Machine Learning Expert,Not stated,True,,Internship,,Data & ML/AI,"Dallas, TX, United States",unknown,234,,Python; C++; PyTorch; LLMs,2026-09-04,date_only,2026-09-04T17:22:30Z,https://edbz.fa.us2.oraclecloud.com/hcmUI/CandidateExperience/en/sites/CX_1/job/25017705
oracle:fa-evmr-saasfaprod1.fa.ocs.oraclecloud.com:39978,Nokia,AI-Agent Development Co-op,Not stated,True,,Co-op,,Data & ML/AI,United States,unknown,,,Python; LLMs; Git,2026-09-04,date_only,2026-09-04T17:22:30Z,https://fa-evmr-saasfaprod1.fa.ocs.oraclecloud.com/hcmUI/CandidateExperience/en/sites/CX_1/job/39978
oracle:hdhl.fa.us6.oraclecloud.com:1007589,Stantec,Digital Practice Co-op/Intern - Infrastructure (Spring/Summer 2027),Summer 2027,False,,Internship / Co-op,,Software,"Washington, DC, United States",unknown,,,,2026-09-04,date_only,2026-09-04T13:40:47Z,https://hdhl.fa.us6.oraclecloud.com/hcmUI/CandidateExperience/en/sites/CX_1/job/1007589
smartrecruiters:Loram1:3743990015082845,Loram,Machine Learning / Artificial Intelligence (AI) Intern,Not stated,True,,Internship,,Data & ML/AI,"Hamel, MN, United States",unknown,,,Python; C#; SQL; PyTorch; Pandas; Computer Vision; Docker; Linux,2026-09-04T17:03:37.827Z,exact,2026-09-04T17:22:30Z,https://jobs.smartrecruiters.com/Loram1/3743990015082845
workable:enfos-inc:CA15908E0A,ENFOS,Software Engineer Intern (Summer 2027),Summer 2027,False,,Internship,,Software,"Durham, North Carolina, United States; Chicago, Illinois, United States",unknown,,,Python; Java; TypeScript; JavaScript; SQL; LLMs; React; HTML/CSS,2026-09-04T00:00:00.000Z,date_only,2026-09-04T17:22:30Z,https://apply.workable.com/enfos-inc/j/CA15908E0A/
workday:caci:/job/Ypsilanti-MI-US/Software-Engineer-Intern---Summer-2027_331648,CACI,Software Engineer Intern - Summer 2027,Summer 2027,False,,Internship,,Software,"Ypsilanti, MI, US",citizens-only,,,Python; Java; C++; Rust; CUDA; AWS; Linux,2026-09-04T00:00:00Z,date_only,2026-09-04T21:58:39Z,https://caci.wd1.myworkdayjobs.com/external/job/Ypsilanti-MI-US/Software-Engineer-Intern---Summer-2027_331648
workday:cibc:/job/Chicago-IL/XMLNAME-2027-Summer-Intern---Software-Engineering_2618322-1,CIBC,2027 Summer Intern - Software Engineering,Summer 2027,False,,Internship,,Software,"Chicago, IL",no-sponsorship,,$36–$40/hr,Python; SQL,2026-09-04T00:00:00Z,date_only,2026-09-04T19:49:19Z,https://cibc.wd3.myworkdayjobs.com/search/job/Chicago-IL/XMLNAME-2027-Summer-Intern---Software-Engineering_2618322-1
workday:cna:/job/Chicago-IL-USA/Technology-Internship-Program--AI-Engineering-_R-8126,CNA Insurance,Technology Internship Program (AI Engineering),Not stated,True,,Internship,,Data & ML/AI,"Chicago, IL, USA",no-sponsorship,,$35k–$65k/yr,Python; SQL; Terraform,2026-09-04T00:00:00Z,date_only,2026-09-05T08:51:03Z,https://cna.wd1.myworkdayjobs.com/CNA_Careers/job/Chicago-IL-USA/Technology-Internship-Program--AI-Engineering-_R-8126
workday:cna:/job/Chicago-IL-USA/Technology-Internship-Program--AI-Strategy-_R-8127-1,CNA Insurance,Technology Internship Program (AI Strategy),Not stated,True,,Internship,,Data & ML/AI,"Chicago, IL, USA",no-sponsorship,,$35k–$65k/yr,LLMs,2026-09-04T00:00:00Z,date_only,2026-09-05T08:51:03Z,https://cna.wd1.myworkdayjobs.com/CNA_Careers/job/Chicago-IL-USA/Technology-Internship-Program--AI-Strategy-_R-8127-1
workday:cna:/job/Chicago-IL-USA/Technology-Internship-Program--Cybersecurity-_R-8130-1,CNA Insurance,Technology Internship Program (Cybersecurity),Not stated,True,,Internship,,Security,"Chicago, IL, USA",no-sponsorship,,$35k–$65k/yr,,2026-09-04T00:00:00Z,date_only,2026-09-05T08:51:03Z,https://cna.wd1.myworkdayjobs.com/CNA_Careers/job/Chicago-IL-USA/Technology-Internship-Program--Cybersecurity-_R-8130-1
workday:cna:/job/Chicago-IL-USA/Technology-Internship-Program--Software-Engineering-_R-8107,CNA Insurance,Technology Internship Program (Software Engineering),Not stated,True,,Internship,,Software,"Chicago, IL, USA",no-sponsorship,,$35k–$65k/yr,Java; SQL,2026-09-04T00:00:00Z,date_only,2026-09-04T21:58:39Z,https://cna.wd1.myworkdayjobs.com/CNA_Careers/job/Chicago-IL-USA/Technology-Internship-Program--Software-Engineering-_R-8107
workday:hyvee:/job/Corporate-Office-Westown-Pkwy-West-Des-Moines-IA/Cyber-Security-Intern--Summer-2027_R250153,Hy-Vee,Cyber Security Intern- Summer 2027,Summer 2027,False,,Internship,,Security,"Corporate Office, Westown Pkwy., West Des Moines, IA",unknown,2,,,2026-09-04T00:00:00Z,date_only,2026-09-04T21:58:39Z,https://hyvee.wd1.myworkdayjobs.com/HyVeeCareers/job/Corporate-Office-Westown-Pkwy-West-Des-Moines-IA/Cyber-Security-Intern--Summer-2027_R250153
workday:hyvee:/job/Corporate-Office-Westown-Pkwy-West-Des-Moines-IA/Digital-Software-Engineering-Intern---Summer-2027_R250133,Hy-Vee,Digital Software Engineering Intern - Summer 2027,Summer 2027,False,,Internship,,Software,"Corporate Office, Westown Pkwy., West Des Moines, IA",unknown,2,,SQL,2026-09-04T00:00:00Z,date_only,2026-09-04T21:58:39Z,https://hyvee.wd1.myworkdayjobs.com/HyVeeCareers/job/Corporate-Office-Westown-Pkwy-West-Des-Moines-IA/Digital-Software-Engineering-Intern---Summer-2027_R250133
workday:ingredion:/job/Westchester-IL/AI---Data-Scientist-Intern_Req-40220,Ingredion,AI & Data Scientist Intern,Not stated,True,,Internship,,Data & ML/AI,"Westchester, IL",unknown,4,$20–$25/hr,SQL; PyTorch; TensorFlow; scikit-learn; AWS; GCP; Azure; Hadoop,2026-09-04T00:00:00Z,date_only,2026-09-04T19:49:19Z,https://ingredion.wd1.myworkdayjobs.com/IngredionCareers/job/Westchester-IL/AI---Data-Scientist-Intern_Req-40220
workday:jci:/job/Salem-Virginia-United-States-of-America/Software-Controls-Engineering-Grad-Intern_WD30278205-1,Johnson Controls,Software/Controls Engineering Grad Intern,Not stated,True,,Internship,,Software,Salem-Virginia-United States of America,unknown,104,,C++,2026-09-04T00:00:00Z,date_only,2026-09-04T17:22:30Z,https://jci.wd5.myworkdayjobs.com/JCI/job/Salem-Virginia-United-States-of-America/Software-Controls-Engineering-Grad-Intern_WD30278205-1
workday:marvell:/job/Santa-Clara-CA/Firmware-Engineer-Intern--MS---Summer-2027_2604513,Marvell,"Firmware Engineer Intern, MS - Summer 2027",Summer 2027,False,,Internship,,Hardware,"Santa Clara, CA",unknown,,,Python; Bash; Linux; Git,2026-09-04T00:00:00Z,date_only,2026-09-04T21:58:39Z,https://marvell.wd1.myworkdayjobs.com/MarvellCareers/job/Santa-Clara-CA/Firmware-Engineer-Intern--MS---Summer-2027_2604513
workday:saabusa:/job/East-Syracuse-NY-Collamer/Software-Engineering-Co-Op--Spring---Summer-2027-_R-03240-1,Saab,Software Engineering Co-Op (Spring - Summer 2027),Summer 2027,False,,Co-op,,Software,"East Syracuse, NY (Collamer)",citizens-only,,$20.27–$22.3/hr,Java; JavaScript; SQL; HTML/CSS; Linux; Git,2026-09-04T00:00:00Z,date_only,2026-09-04T19:49:19Z,https://saabusa.wd1.myworkdayjobs.com/saab_careers/job/East-Syracuse-NY-Collamer/Software-Engineering-Co-Op--Spring---Summer-2027-_R-03240-1
workday:stryker:/job/Cary-Illinois/Customer-One-Intern--Data-Analyst----Cary--IL_R572734,Stryker,"Customer One Intern (Data Analyst) - Cary, IL",Not stated,True,,Internship,,Data & ML/AI,"Cary, Illinois",unknown,104,,,2026-09-04T00:00:00Z,date_only,2026-09-04T17:22:30Z,https://stryker.wd1.myworkdayjobs.com/StrykerCareers/job/Cary-Illinois/Customer-One-Intern--Data-Analyst----Cary--IL_R572734
ashby:skydio:ae4a6f7d-a240-4fa2-8c8e-04cc906e4ef9,Skydio,"Autonomy Engineer Intern, Computer Vision / Deep Learning, Summer 2027",Summer 2027,False,,Internship,,Data & ML/AI,"San Mateo, California, United States",unknown,26,$47/hr,Computer Vision; Python; C++; PyTorch,2026-09-03T23:28:02.086+00:00,exact,2026-09-04T00:18:32Z,https://jobs.ashbyhq.com/skydio/ae4a6f7d-a240-4fa2-8c8e-04cc906e4ef9
ashby:the-exploration-company:86270058-8eec-4692-b49d-97ce59fd54ac,The Exploration Company,Summer 2027 Internship (Software),Summer 2027,False,,Internship,,Software,California,citizens-only,,,,2026-09-03T19:50:53.474+00:00,exact,2026-09-03T21:59:17Z,https://jobs.ashbyhq.com/the-exploration-company/86270058-8eec-4692-b49d-97ce59fd54ac
greenhouse:axq:6181069004,AXQ Capital,Quantitative Research Intern (Summer 2027),Summer 2027,False,,Internship,,Quant,New York,unknown,5,,Python,2026-09-03T14:32:35-04:00,exact,2026-09-03T19:10:35Z,https://job-boards.greenhouse.io/axq/jobs/6181069004
greenhouse:idmeuniversityrecruiting:7980429003,ID.me,Summer Intern 2027 - Software Development Engineer Intern,Summer 2027,False,,Internship,,Software,"Mountain View, CA",unknown,,,Python; Java; JavaScript; Ruby; LLMs; AWS; GCP; Azure,2026-09-03T12:51:50-04:00,exact,2026-09-04T17:22:30Z,https://job-boards.greenhouse.io/idmeuniversityrecruiting/jobs/7980429003
greenhouse:waymo:8174099,Waymo,"2027 Summer Intern, BS, SysEng Software Engineer",Summer 2027,False,,Internship,,Software,"Mountain View, California, USA",unknown,284,,Python; C++,2026-09-03T11:21:07-04:00,exact,2026-09-03T15:26:58Z,https://careers.withwaymo.com/jobs?gh_jid=8174099
greenhouse:waymo:8174504,Waymo,"2027 Summer Intern, MS, Software Engineering, Behavior Test",Summer 2027,False,,Internship,,Software,"San Francisco, California, USA",unknown,284,,Python; SQL,2026-09-03T16:44:52-04:00,exact,2026-09-03T21:59:17Z,https://careers.withwaymo.com/jobs?gh_jid=8174504
lever:hermeus:555263f6-c5ec-4489-ab07-1aea546b70e7,Hermeus,GNC & Flight Software Intern - Spring/Summer 2027,Summer 2027,False,,Internship,,Software,"Atlanta, GA",citizens-only,,25–33 USD/hr,Python; C++; TypeScript; JavaScript; MATLAB,2026-09-03T19:19:21Z,exact,2026-09-03T21:59:17Z,https://jobs.lever.co/hermeus/555263f6-c5ec-4489-ab07-1aea546b70e7
lever:hermeus:5b08e2df-c9db-4831-aece-67d89e744796,Hermeus,Software Engineering Intern (Command & Control) - Spring/Summer 2027,Summer 2027,False,,Internship,,Software,"Atlanta, GA",citizens-only,,25–33 USD/hr,C++; TypeScript; JavaScript; React; Angular,2026-09-03T02:07:59Z,exact,2026-09-03T06:03:26Z,https://jobs.lever.co/hermeus/5b08e2df-c9db-4831-aece-67d89e744796
smartrecruiters:Eurofins:744000147214369,Eurofins,AI & Automation Intern,Fall 2026,False,,Internship,,Data & ML/AI,"Barcelona, CT, International (ES)",unknown,,,Python; SQL,2026-09-03T10:31:16.848Z,exact,2026-09-03T11:24:20Z,https://jobs.smartrecruiters.com/Eurofins/744000147214369
smartrecruiters:InfiniteQuant:744000147161390,InfiniteQuant,Quantitative Researcher - Internship - Summer 2027,Summer 2027,False,,Internship,,Quant,"New York, NY, United States",unknown,,,Python; C++; Pandas,2026-09-03T07:09:16.166Z,exact,2026-09-03T11:24:20Z,https://jobs.smartrecruiters.com/InfiniteQuant/744000147161390
smartrecruiters:InfiniteQuant:744000147163879,InfiniteQuant,Quantitative Developer - Internship - Summer 2027,Summer 2027,False,,Internship,yes,Quant,"New York, New York, United States (Remote)",unknown,,,Python; C++,2026-09-03T07:07:53.041Z,exact,2026-09-03T11:24:20Z,https://jobs.smartrecruiters.com/InfiniteQuant/744000147163879
smartrecruiters:Skyward1:744000147320799,Skyward,Software Engineer - Intern,Summer 2027,False,,Internship,,Software,"Stevens Point, WI, United States",unknown,,,,2026-09-03T17:13:21.932Z,exact,2026-09-03T19:10:35Z,https://jobs.smartrecruiters.com/Skyward1/744000147320799
smartrecruiters:Winsupply1:3743990015046116,Winsupply,Data Analyst Intern,Not stated,True,,Internship,,Data & ML/AI,"Moraine, OH, United States",unknown,13,,,2026-09-03T14:02:33.319Z,exact,2026-09-03T15:26:58Z,https://jobs.smartrecruiters.com/Winsupply1/3743990015046116
workday:cigna:/job/NC-Raleigh-701-Corporate-Center-Dr-STE-200/Ai-Innovation-Development-Program--AIIDP--Summer-internship_26010712,Cigna Group,Artificial Intelligence Innovation Development Program (AIIDP) Summer Internship,Summer 2027,False,,Internship,,Data & ML/AI,"NC, Raleigh, 701 Corporate Center Dr STE 200",unknown,,$25–$27/hr,Python; SQL; LLMs,2026-09-03T00:00:00Z,date_only,2026-09-03T19:10:35Z,https://cigna.wd5.myworkdayjobs.com/cignacareers/job/NC-Raleigh-701-Corporate-Center-Dr-STE-200/Ai-Innovation-Development-Program--AIIDP--Summer-internship_26010712
workday:corteva:/job/Indianapolis-Indiana-United-States/R---D-Intern---Computer---Data-Science_248131W,Corteva,R & D Intern - Computer & Data Science,Not stated,True,,Internship,,Data & ML/AI,"Indianapolis, Indiana, United States",unknown,,,Python; AWS; GCP; Azure,2026-09-03T00:00:00Z,date_only,2026-09-03T21:59:17Z,https://corteva.wd5.myworkdayjobs.com/corteva/job/Indianapolis-Indiana-United-States/R---D-Intern---Computer---Data-Science_248131W
workday:corteva:/job/Indianapolis-Indiana-United-States/R-D-Intern---Computer---Data-Science-_248071W,Corteva,R&D Intern – Computer & Data Science,Not stated,True,,Internship,,Data & ML/AI,"Indianapolis, Indiana, United States",unknown,,,,2026-09-03T00:00:00Z,date_only,2026-09-03T21:59:17Z,https://corteva.wd5.myworkdayjobs.com/corteva/job/Indianapolis-Indiana-United-States/R-D-Intern---Computer---Data-Science-_248071W
workday:corteva:/job/Indianapolis-Indiana-United-States/R-D-Internship---Computer---Data-Science-_248130W,Corteva,R&D Internship – Computer & Data Science,Not stated,True,,Internship,,Data & ML/AI,"Indianapolis, Indiana, United States",unknown,,,,2026-09-03T00:00:00Z,date_only,2026-09-03T21:59:17Z,https://corteva.wd5.myworkdayjobs.com/corteva/job/Indianapolis-Indiana-United-States/R-D-Internship---Computer---Data-Science-_248130W
workday:drivetime:/job/1720-W-Rio-Salado-Pkwy-Tempe-AZ-85281/Data-Engineer-Intern--Summer-2027-_R16300,DriveTime,Database Engineering Intern (Summer 2027),Summer 2027,False,,Internship,,Software,"1720 W Rio Salado Pkwy Tempe, AZ 85281",unknown,,,Python; SQL; Azure; Snowflake,2026-09-03T00:00:00Z,date_only,2026-09-04T00:18:32Z,https://drivetime.wd1.myworkdayjobs.com/drivetime/job/1720-W-Rio-Salado-Pkwy-Tempe-AZ-85281/Data-Engineer-Intern--Summer-2027-_R16300
workday:drivetime:/job/1720-W-Rio-Salado-Pkwy-Tempe-AZ-85281/Software-Engineer-Intern--Summer-2027-_R16294,DriveTime,Software Engineering Intern (Summer 2027),Summer 2027,False,,Internship,,Software,"1720 W Rio Salado Pkwy Tempe, AZ 85281",unknown,,,Python; Java; C#; TypeScript; JavaScript; Node.js; Angular; HTML/CSS,2026-09-03T00:00:00Z,date_only,2026-09-04T00:18:32Z,https://drivetime.wd1.myworkdayjobs.com/drivetime/job/1720-W-Rio-Salado-Pkwy-Tempe-AZ-85281/Software-Engineer-Intern--Summer-2027-_R16294
workday:mastercard:/job/OFallon-Missouri/Site-Reliability-Engineering-Intern--Summer-2027---St-Louis--MO--US_R-287654,Mastercard,"Site Reliability Engineering Intern, Summer 2027 – St. Louis, MO, US",Summer 2027,False,,Internship,,Software,"O'Fallon, Missouri",unknown,,$25–$30/hr,Python; Bash; AWS; GCP; Azure; Linux,2026-09-03T00:00:00Z,date_only,2026-09-03T21:59:17Z,https://mastercard.wd1.myworkdayjobs.com/Campus/job/OFallon-Missouri/Site-Reliability-Engineering-Intern--Summer-2027---St-Louis--MO--US_R-287654
workday:momentive:/job/US-NY-Niskayuna/Summer-2027-Intern---Enterprise-Reporting---Analytics---Data-Science_R9807-1,Momentive,Summer 2027 Intern - Enterprise Reporting & Analytics - Data Science,Summer 2027,False,,Internship,,Data & ML/AI,US NY Niskayuna,unknown,44,,Python; SQL; LLMs; Snowflake; Tableau,2026-09-03T00:00:00Z,date_only,2026-09-03T11:24:20Z,https://momentive.wd1.myworkdayjobs.com/MC/job/US-NY-Niskayuna/Summer-2027-Intern---Enterprise-Reporting---Analytics---Data-Science_R9807-1
workday:momentive:/job/US-NY-Niskayuna/Summer-2027-Intern---Software-Development_R9756,Momentive,Summer 2027 Intern - Software Development,Summer 2027,False,,Internship,,Software,US NY Niskayuna,unknown,44,,Java; SQL; Git,2026-09-03T00:00:00Z,date_only,2026-09-03T11:24:20Z,https://momentive.wd1.myworkdayjobs.com/MC/job/US-NY-Niskayuna/Summer-2027-Intern---Software-Development_R9756
workday:motorolasolutions:/job/Plantation-FL/Android-Platform-Software-Engineering-Intern---Summer-2027_R68363,Motorola,Android Platform Software Engineering Intern - Summer 2027,Summer 2027,False,,Internship,,Software,"Plantation, FL, More...",citizens-only,,,Python; Java; C++; Linux,2026-09-03T00:00:00Z,date_only,2026-09-03T21:59:17Z,https://motorolasolutions.wd5.myworkdayjobs.com/Careers/job/Plantation-FL/Android-Platform-Software-Engineering-Intern---Summer-2027_R68363
workday:premierinc:/job/Charlotte-NC/Data-Science-Intern_R0008481,Premier,Data Science Intern,Not stated,True,,Internship,,Data & ML/AI,"Charlotte, NC",unknown,24,,,2026-09-03T00:00:00Z,date_only,2026-09-03T21:59:17Z,https://premierinc.wd1.myworkdayjobs.com/External_Professional/job/Charlotte-NC/Data-Science-Intern_R0008481
workday:premierinc:/job/Charlotte-NC/Software-Engineer-Intern_R0008480,Premier,Software Engineer Intern,Not stated,True,,Internship,,Software,"Charlotte, NC",unknown,24,,JavaScript; React,2026-09-03T00:00:00Z,date_only,2026-09-03T21:59:17Z,https://premierinc.wd1.myworkdayjobs.com/External_Professional/job/Charlotte-NC/Software-Engineer-Intern_R0008480
workday:saabusa:/job/East-Syracuse-NY-Collamer/Software-Engineering-Co-Op--Summer-2027-_R-03237-1,Saab,Software Engineering Co-Op (Summer 2027),Summer 2027,False,,Co-op,,Software,"East Syracuse, NY (Collamer)",citizens-only,,$20.27–$22.3/hr,Python; Java; C++; JavaScript; SQL; HTML/CSS; Linux; Git,2026-09-03T00:00:00Z,date_only,2026-09-03T15:26:58Z,https://saabusa.wd1.myworkdayjobs.com/saab_careers/job/East-Syracuse-NY-Collamer/Software-Engineering-Co-Op--Summer-2027-_R-03237-1
workday:snc:/job/Dayton-OH/Software-Engineering-Intern--Summer-2027-_R0030754,Sierra Nevada Corporation,Software Engineering Intern (Summer 2027),Summer 2027,False,,Internship,,Software,"Dayton, OH",citizens-only,,,MATLAB,2026-09-03T00:00:00Z,date_only,2026-09-03T21:59:17Z,https://snc.wd1.myworkdayjobs.com/snc_external_career_site/job/Dayton-OH/Software-Engineering-Intern--Summer-2027-_R0030754
workday:snc:/job/Folsom-CA/Software-Engineering-Intern--Summer-2027-_R0030761-1,Sierra Nevada Corporation,Software Engineering Intern (Summer 2027),Summer 2027,False,,Internship,,Software,"Folsom, CA",citizens-only,,,MATLAB,2026-09-03T00:00:00Z,date_only,2026-09-03T21:59:17Z,https://snc.wd1.myworkdayjobs.com/snc_external_career_site/job/Folsom-CA/Software-Engineering-Intern--Summer-2027-_R0030761-1
workday:snc:/job/Lone-Tree-CO/Software-Engineering-Intern--Summer-2027-_R0030757,Sierra Nevada Corporation,Software Engineering Intern (Summer 2027),Summer 2027,False,,Internship,,Software,"Lone Tree, CO",citizens-only,,,MATLAB,2026-09-03T00:00:00Z,date_only,2026-09-03T21:59:17Z,https://snc.wd1.myworkdayjobs.com/snc_external_career_site/job/Lone-Tree-CO/Software-Engineering-Intern--Summer-2027-_R0030757
workday:snc:/job/Plano-TX/Software-Engineering-Intern--Summer-2027-_R0030758,Sierra Nevada Corporation,Software Engineering Intern (Summer 2027),Summer 2027,False,,Internship,,Software,"Plano, TX",citizens-only,,,MATLAB,2026-09-03T00:00:00Z,date_only,2026-09-03T21:59:17Z,https://snc.wd1.myworkdayjobs.com/snc_external_career_site/job/Plano-TX/Software-Engineering-Intern--Summer-2027-_R0030758
workday:snc:/job/Southern-Pines-NC/Software-Engineering-Intern--Summer-2027-_R0030759,Sierra Nevada Corporation,Software Engineering Intern (Summer 2027),Summer 2027,False,,Internship,,Software,"Southern Pines, NC",unknown,,,MATLAB,2026-09-03T00:00:00Z,date_only,2026-09-03T21:59:17Z,https://snc.wd1.myworkdayjobs.com/snc_external_career_site/job/Southern-Pines-NC/Software-Engineering-Intern--Summer-2027-_R0030759
workday:snc:/job/Sparks-NV/Software-Engineering-Intern--Summer-2027-_R0030760,Sierra Nevada Corporation,Software Engineering Intern (Summer 2027),Summer 2027,False,,Internship,,Software,"Sparks, NV",citizens-only,,,MATLAB,2026-09-03T00:00:00Z,date_only,2026-09-03T21:59:17Z,https://snc.wd1.myworkdayjobs.com/snc_external_career_site/job/Sparks-NV/Software-Engineering-Intern--Summer-2027-_R0030760
ashby:hadrian-automation:2b0423c6-947d-4226-8d23-90743bd5e63e,Hadrian,Software Engineer Intern,Fall 2026,False,,Internship,,Software,"Los Angeles, CA",citizens-only,,,Python; TypeScript,2026-09-02T21:46:58.459+00:00,exact,2026-09-02T22:53:50Z,https://jobs.ashbyhq.com/hadrian-automation/2b0423c6-947d-4226-8d23-90743bd5e63e
ashby:hadrian-automation:f718bcfe-3f5b-4682-a294-697499caf813,Hadrian,Data Science/ Data Engineer Intern,Fall 2026,False,,Internship,,Data & ML/AI,"Los Angeles, CA",citizens-only,,,Python; SQL,2026-09-02T21:47:29.454+00:00,exact,2026-09-02T22:53:50Z,https://jobs.ashbyhq.com/hadrian-automation/f718bcfe-3f5b-4682-a294-697499caf813
ashby:reflect-orbital:d2ad1427-89aa-404d-8678-7b8e6dace5e2,Reflect Orbital,Flight Software Engineering Intern,Not stated,True,,Internship,,Software,"Hawthorne, CA",unknown,,$27 – $31 per hour,,2026-09-02T21:57:24.003+00:00,exact,2026-09-02T22:53:50Z,https://jobs.ashbyhq.com/reflect-orbital/d2ad1427-89aa-404d-8678-7b8e6dace5e2
ashby:reflect-orbital:d5ade048-5555-4a77-b002-d117254b6e6b,Reflect Orbital,Embedded Firmware Engineering Intern,Not stated,True,,Internship,,Hardware,"Hawthorne, CA",unknown,,$27 – $31 per hour,Python; C++,2026-09-02T21:57:26.937+00:00,exact,2026-09-02T22:53:50Z,https://jobs.ashbyhq.com/reflect-orbital/d5ade048-5555-4a77-b002-d117254b6e6b
greenhouse:fspco-op012325:8769080002,Flagship Pioneering,Pioneering Intelligence: Agentic AI Co-Op,Not stated,True,,Co-op,,Data & ML/AI,"Cambridge, MA USA",unknown,6,$25–$45/hr,Python,2026-09-02T09:51:40-04:00,exact,2026-09-02T17:36:07Z,https://job-boards.greenhouse.io/fspco-op012325/jobs/8769080002
greenhouse:generalmatter:5377131008,General Matter,Summer 2027 Internship - Embedded Software Engineering,Summer 2027,False,,Internship,,Software,"Los Angeles, CA",unknown,,$32–$46/hr,Python; C++; Go; Rust,2026-09-02T15:52:13-04:00,exact,2026-09-02T20:22:42Z,https://job-boards.greenhouse.io/generalmatter/jobs/5377131008
greenhouse:testnisc:8167886,National Information Solutions Cooperative (NISC),Intern - Data Engineer,Not stated,True,,Internship,,Data & ML/AI,"Mandan, ND",unknown,,,Python; Java; SQL; Scala; LLMs; AWS; Git; Airflow,2026-09-02T12:39:49-04:00,exact,2026-09-02T17:36:07Z,https://job-boards.greenhouse.io/testnisc/jobs/8167886
greenhouse:testnisc:8174096,National Information Solutions Cooperative (NISC),Intern - Software Development,Not stated,True,,Internship,,Software,"Mandan, ND",unknown,,,Java; TypeScript; JavaScript; Angular; HTML/CSS; AWS; Linux; PostgreSQL,2026-09-02T12:46:41-04:00,exact,2026-09-02T17:36:07Z,https://job-boards.greenhouse.io/testnisc/jobs/8174096
lever:dynamiccatholic:603f082e-07c8-4b1c-ac09-8963c51229ad,Dynamic Catholic,Internship - Front-End UX Intern,Not stated,True,,Internship,,Other,"Erlanger, Kentucky",no-sponsorship,,,JavaScript; HTML/CSS,2026-09-02T18:00:46Z,exact,2026-09-03T15:26:58Z,https://jobs.lever.co/dynamiccatholic/603f082e-07c8-4b1c-ac09-8963c51229ad
lever:dynamiccatholic:e94fa581-892c-4958-9515-0221f862ce57,Dynamic Catholic,Internship - Software Developer - Commerce Cloud,Not stated,True,,Internship,,Software,"Erlanger, Kentucky",unknown,,,JavaScript; HTML/CSS,2026-09-02T20:55:13Z,exact,2026-09-03T15:26:58Z,https://jobs.lever.co/dynamiccatholic/e94fa581-892c-4958-9515-0221f862ce57
oracle:ehzq.fa.us2.oraclecloud.com:115752,Grant Thornton,Cybersecurity and Privacy Intern - Summer 2027,Summer 2027,False,,Internship,,Security,"Los Angeles, CA, United States",no-sponsorship,118,$40/hr,,2026-09-02,date_only,2026-09-02T20:22:42Z,https://ehzq.fa.us2.oraclecloud.com/hcmUI/CandidateExperience/en/sites/CX_1/job/115752
oracle:ejhp.fa.us6.oraclecloud.com:2622615,Sherwin-Williams,"Year-Round IT Co-op, Cybersecurity",Not stated,True,,Co-op,,Security,"Cleveland, OH, United States",unknown,94,,,2026-09-02,date_only,2026-09-02T17:36:07Z,https://ejhp.fa.us6.oraclecloud.com/hcmUI/CandidateExperience/en/sites/CX_2/job/2622615
oracle:hdhl.fa.us6.oraclecloud.com:1007497,Stantec,Roadway Design Co-op Student - Infrastructure (Fall 2026),Fall 2026,False,,Co-op,,Software,"Raleigh, NC, United States",unknown,,,,2026-09-02,date_only,2026-09-02T17:36:07Z,https://hdhl.fa.us6.oraclecloud.com/hcmUI/CandidateExperience/en/sites/CX_1/job/1007497
smartrecruiters:LLNL:3743990015035697,Lawrence Livermore National Laboratory (LLNL),Protocol and Special Events Undergraduate AI and Digital Solutions Intern,Not stated,True,,Internship,yes,Data & ML/AI,"Livermore, CA, United States (Remote)",citizens-only,,,LLMs,2026-09-02T22:26:31.063Z,exact,2026-09-02T22:53:50Z,https://jobs.smartrecruiters.com/LLNL/3743990015035697
smartrecruiters:Winsupply1:3743990015014717,Winsupply,Software Developer Intern,Not stated,True,,Internship,,Software,"Moraine, OH, United States",unknown,13,,Python; Java; Angular,2026-09-02T13:56:11.233Z,exact,2026-09-02T17:36:07Z,https://jobs.smartrecruiters.com/Winsupply1/3743990015014717
workday:alliedsolutions:/job/Carmel-IN/AI-Solutions-Intern_R-011074,Allied Solutions,AI Solutions Intern,Summer 2027,False,,Internship,,Data & ML/AI,"Carmel, IN",unknown,2,,,2026-09-02T00:00:00Z,date_only,2026-09-02T20:22:42Z,https://alliedsolutions.wd501.myworkdayjobs.com/Allied_External/job/Carmel-IN/AI-Solutions-Intern_R-011074
workday:alliedsolutions:/job/Carmel-IN/Data-Science-Intern_R-011077,Allied Solutions,Data Science Intern,Summer 2027,False,,Internship,,Data & ML/AI,"Carmel, IN",unknown,2,,Python; SQL,2026-09-02T00:00:00Z,date_only,2026-09-02T20:22:42Z,https://alliedsolutions.wd501.myworkdayjobs.com/Allied_External/job/Carmel-IN/Data-Science-Intern_R-011077
workday:alliedsolutions:/job/Carmel-IN/Software-Delivery-Management-Intern_R-011086,Allied Solutions,Software Delivery Management Intern,Summer 2027,False,,Internship,,Software,"Carmel, IN",unknown,2,,Azure,2026-09-02T00:00:00Z,date_only,2026-09-02T20:22:42Z,https://alliedsolutions.wd501.myworkdayjobs.com/Allied_External/job/Carmel-IN/Software-Delivery-Management-Intern_R-011086
workday:alliedsolutions:/job/Carmel-IN/Software-Engineering-Intern_R-011087,Allied Solutions,Software Engineering Intern,Summer 2027,False,,Internship,,Software,"Carmel, IN",unknown,2,,Python; Java; C#; JavaScript; SQL; React; Angular; AWS,2026-09-02T00:00:00Z,date_only,2026-09-02T20:22:42Z,https://alliedsolutions.wd501.myworkdayjobs.com/Allied_External/job/Carmel-IN/Software-Engineering-Intern_R-011087
workday:aoins:/job/Lansing-MI/Business-Intelligence-Developer-Internship---Summer-2027_R_14417,Auto-Owners Insurance,Business Intelligence Developer Internship - Summer 2027,Summer 2027,False,,Internship,,Software,"Lansing, MI",unknown,,,Python; SQL; Tableau,2026-09-02T00:00:00Z,date_only,2026-09-02T13:52:39Z,https://aoins.wd5.myworkdayjobs.com/AutoOwners/job/Lansing-MI/Business-Intelligence-Developer-Internship---Summer-2027_R_14417
workday:caci:/job/King-of-Prussia-PA-US/Software-Engineering-Co-op---Fall-2026_331472,CACI,Software Engineering Co-op - Fall 2026,Fall 2026,False,,Co-op,,Software,"King of Prussia, PA, US",unknown,,,Python; Java; C++; React; AWS; Docker,2026-09-02T00:00:00Z,date_only,2026-09-02T17:36:07Z,https://caci.wd1.myworkdayjobs.com/external/job/King-of-Prussia-PA-US/Software-Engineering-Co-op---Fall-2026_331472
workday:caci:/job/Sterling-VA-US/DevOps-Software-Engineering-Intern---Summer-2027_331466,CACI,DevOps/Software Engineering Intern - Summer 2027,Summer 2027,False,,Internship,,Software,"Sterling, VA, US",unknown,,,Python; Java; Linux; Git,2026-09-02T00:00:00Z,date_only,2026-09-02T17:36:07Z,https://caci.wd1.myworkdayjobs.com/external/job/Sterling-VA-US/DevOps-Software-Engineering-Intern---Summer-2027_331466
workday:copart:/job/Dallas-TX---Headquarters/Software-Engineering-Intern_JR111173,Copart,Software Engineering Intern,Not stated,True,,Internship,,Software,"Dallas, TX - Headquarters",unknown,83,,JavaScript; HTML/CSS,2026-09-02T00:00:00Z,date_only,2026-09-02T20:22:42Z,https://copart.wd12.myworkdayjobs.com/copart/job/Dallas-TX---Headquarters/Software-Engineering-Intern_JR111173
workday:genpt:/job/Birmingham-AL-USA/Software-Engineer---QA-Analyst-Intern_R26_0000029235,Genuine Parts Company,Software Engineer - QA Analyst Intern,Not stated,True,,Internship,,Software,"Birmingham, AL, USA",unknown,63,,Java; SQL; Selenium,2026-09-02T00:00:00Z,date_only,2026-09-02T13:52:39Z,https://genpt.wd1.myworkdayjobs.com/Careers/job/Birmingham-AL-USA/Software-Engineer---QA-Analyst-Intern_R26_0000029235
workday:genpt:/job/Birmingham-AL-USA/Software-Engineer---QA-Analyst-Intern_R26_0000029236,Genuine Parts Company,Software Engineer - QA Analyst Intern,Not stated,True,,Internship,,Software,"Birmingham, AL, USA",unknown,63,,Java; SQL; Selenium,2026-09-02T00:00:00Z,date_only,2026-09-02T13:52:39Z,https://genpt.wd1.myworkdayjobs.com/Careers/job/Birmingham-AL-USA/Software-Engineer---QA-Analyst-Intern_R26_0000029236
workday:genpt:/job/Birmingham-AL-USA/Web-Developer-Intern_R26_0000029238,Genuine Parts Company,Web Developer Intern,Not stated,True,,Internship,,Software,"Birmingham, AL, USA",unknown,63,,Java; React; Next.js; Angular; GCP; Linux; Git,2026-09-02T00:00:00Z,date_only,2026-09-02T13:52:39Z,https://genpt.wd1.myworkdayjobs.com/Careers/job/Birmingham-AL-USA/Web-Developer-Intern_R26_0000029238
workday:globalhr:/job/US-IA-CEDAR-RAPIDS-105--400-Collins-Rd-NE--BLDG-105/Software-Engineering-Co-op--Summer-Fall-2027-_01870194,RTX,Software Engineering Co-op (Summer/Fall 2027),Summer 2027,False,,Co-op,,Software,US-IA-CEDAR RAPIDS-105 ~ 400 Collins Rd NE ~ BLDG 105,no-sponsorship,,,Python; C++,2026-09-02T00:00:00Z,date_only,2026-09-02T20:22:42Z,https://globalhr.wd5.myworkdayjobs.com/rec_rtx_ext_gateway/job/US-IA-CEDAR-RAPIDS-105--400-Collins-Rd-NE--BLDG-105/Software-Engineering-Co-op--Summer-Fall-2027-_01870194
workday:hdsupply:/job/Atlanta-GA-US/Graduate-Intern--Artificial-Intelligence---Data-Science---Summer-2027_R26004952,HD Supply,"Graduate Intern, Artificial Intelligence & Data Science - Summer 2027",Summer 2027,False,,Internship,,Data & ML/AI,Atlanta-GA-US,unknown,27,,Python; SQL; LLMs; AWS; GCP; Azure; Tableau,2026-09-02T00:00:00Z,date_only,2026-09-02T20:22:42Z,https://hdsupply.wd1.myworkdayjobs.com/External/job/Atlanta-GA-US/Graduate-Intern--Artificial-Intelligence---Data-Science---Summer-2027_R26004952
workday:hp:/job/Spring-Texas-United-States-of-America/Software-Product-Security-Engineer-Intern_UNI4744-1,Hewlett Packard (HP),Software Product Security Engineer Intern,Not stated,True,,Internship,,Security,"Spring, Texas, United States of America",no-sponsorship,,$35–$40/hr,Python; C++; C#; TypeScript,2026-09-02T00:00:00Z,date_only,2026-09-02T22:53:50Z,https://hp.wd5.myworkdayjobs.com/ExternalCareerSite/job/Spring-Texas-United-States-of-America/Software-Product-Security-Engineer-Intern_UNI4744-1
workday:magna:/job/Southfield-Michigan-US/Intern---Engineering-Software_R00258617,Magna International,Intern - Engineering Software,Not stated,True,,Internship,,Software,"Southfield, Michigan, US",unknown,141,,Python; C++; Bash; Linux; Git,2026-09-02T00:00:00Z,date_only,2026-09-02T17:36:07Z,https://magna.wd3.myworkdayjobs.com/Magna/job/Southfield-Michigan-US/Intern---Engineering-Software_R00258617
workday:mastercard:/job/OFallon-Missouri/Data-Scientist-Intern--Summer-2027---St-Louis--MO--US_R-284877,Mastercard,"Data Scientist Intern, Summer 2027 – St. Louis, MO, US",Summer 2027,False,,Internship,,Data & ML/AI,"O'Fallon, Missouri",unknown,,$27–$34/hr,Python; SQL,2026-09-02T00:00:00Z,date_only,2026-09-02T17:36:07Z,https://mastercard.wd1.myworkdayjobs.com/Campus/job/OFallon-Missouri/Data-Scientist-Intern--Summer-2027---St-Louis--MO--US_R-284877
workday:mckesson:/job/USA-CO-Longmont/Software-Engineer-Intern---Summer-2027_JR0152469,McKesson,Software Engineer Intern - Summer 2027,Summer 2027,False,,Internship,,Software,"USA, CO, Longmont",unknown,147,,Python; Java; C++; C#; Git,2026-09-02T00:00:00Z,date_only,2026-09-03T01:20:06Z,https://mckesson.wd3.myworkdayjobs.com/External_Careers/job/USA-CO-Longmont/Software-Engineer-Intern---Summer-2027_JR0152469
workday:mckesson:/job/USA-CO-Longmont/Software-Engineer-Intern---Summer-2027_JR0152742,McKesson,Software Engineer Intern - Summer 2027,Summer 2027,False,,Internship,,Software,"USA, CO, Longmont",unknown,147,,Python; C#; SQL; Git; PostgreSQL,2026-09-02T00:00:00Z,date_only,2026-09-03T01:20:06Z,https://mckesson.wd3.myworkdayjobs.com/External_Careers/job/USA-CO-Longmont/Software-Engineer-Intern---Summer-2027_JR0152742
workday:mckesson:/job/USA-CO-Longmont/Software-Installation---IT-Support-Intern---Summer-2027_JR0152304,McKesson,Software Installation & IT Support Intern - Summer 2027,Summer 2027,False,,Internship,,Software,"USA, CO, Longmont",unknown,147,,,2026-09-02T00:00:00Z,date_only,2026-09-03T06:03:26Z,https://mckesson.wd3.myworkdayjobs.com/External_Careers/job/USA-CO-Longmont/Software-Installation---IT-Support-Intern---Summer-2027_JR0152304
workday:mckesson:/job/USA-OH-Columbus/Data-Analyst-Intern---Summer-2027_JR0150844,McKesson,Data Analyst Intern - Summer 2027,Summer 2027,False,,Internship,,Data & ML/AI,"USA, OH, Columbus",unknown,147,,SQL; Tableau,2026-09-02T00:00:00Z,date_only,2026-09-03T01:20:06Z,https://mckesson.wd3.myworkdayjobs.com/External_Careers/job/USA-OH-Columbus/Data-Analyst-Intern---Summer-2027_JR0150844
workday:mckesson:/job/USA-TX-Irving/Software-Development-Intern---Summer-2027_JR0152635,McKesson,Software Development Intern - Summer 2027,Summer 2027,False,,Internship,,Software,"USA, TX, Irving",unknown,147,,Python; Java; C#,2026-09-02T00:00:00Z,date_only,2026-09-03T01:20:06Z,https://mckesson.wd3.myworkdayjobs.com/External_Careers/job/USA-TX-Irving/Software-Development-Intern---Summer-2027_JR0152635
workday:philips:/job/Cambridge-US-Massachusetts-United-States/Co-op---Software-Development-Engineer--Automation----Cambridge--MA---Fall-2026_590708,Philips,"Co-op - Software Development Engineer (Automation) – Cambridge, MA – Fall 2026",Fall 2026,False,,Co-op,,Software,"Cambridge (US), Massachusetts, United States",unknown,,,Python; Java; C#; Azure; Git,2026-09-02T00:00:00Z,date_only,2026-09-02T17:36:07Z,https://philips.wd3.myworkdayjobs.com/jobs-and-careers/job/Cambridge-US-Massachusetts-United-States/Co-op---Software-Development-Engineer--Automation----Cambridge--MA---Fall-2026_590708
workday:stryker:/job/Flower-Mound-Texas/Commercial-Operations-Software-Engineering-Intern---Flower-Mound--TX_R572941,Stryker,"Commercial Operations Software Engineering Intern - Flower Mound, TX",Not stated,True,,Internship,,Software,"Flower Mound, Texas",unknown,104,,,2026-09-02T00:00:00Z,date_only,2026-09-02T17:36:07Z,https://stryker.wd1.myworkdayjobs.com/StrykerCareers/job/Flower-Mound-Texas/Commercial-Operations-Software-Engineering-Intern---Flower-Mound--TX_R572941
ashby:valon:b5a62c0c-823c-42dd-8cb5-e4b1455bcc64,Valon,Software Engineer Intern,Not stated,True,,Internship,,Software,New York,unknown,,$60/hr,Python; React; GCP; Kubernetes; Docker,2026-09-01T21:01:57.937+00:00,exact,2026-09-01T22:00:29Z,https://jobs.ashbyhq.com/valon/b5a62c0c-823c-42dd-8cb5-e4b1455bcc64
greenhouse:eulerity:4709040006,Eulerity,Backend Developer Intern,Not stated,True,,Internship,,Software,"New York, New York",unknown,,$17–$19/hr,Java; LLMs; Git,2026-09-01T17:08:29-04:00,exact,2026-09-01T22:00:29Z,https://job-boards.greenhouse.io/eulerity/jobs/4709040006
greenhouse:hpiq:6176783004,HP IQ,"Software Engineering Intern, Connectivity (Summer 2027)",Summer 2027,False,,Internship,,Software,"San Francisco, CA",unknown,,$45–$51/hr,Python; C++,2026-09-01T14:25:44-04:00,exact,2026-09-01T19:05:53Z,https://job-boards.greenhouse.io/hpiq/jobs/6176783004
lever:foth:072d5e17-c095-49bc-ac02-4cd558bb5d64,FOTH,Civil Engineering Intern-Coastal Infrastructure (Summer 2027),Summer 2027,False,,Internship,,Software,"Newport, Rhode Island",unknown,,21–26 USD/hr,,2026-09-01T18:57:17Z,exact,2026-09-03T19:10:35Z,https://jobs.lever.co/foth/072d5e17-c095-49bc-ac02-4cd558bb5d64
lever:foth:95f75d08-ec27-48ff-8c60-dcf2d5720885,FOTH,Civil Engineering Intern-Waterfront Infrastructure (Summer 2027),Summer 2027,False,,Internship,,Software,"Green Bay, Wisconsin",unknown,,,,2026-09-01T19:02:34Z,exact,2026-09-03T19:10:35Z,https://jobs.lever.co/foth/95f75d08-ec27-48ff-8c60-dcf2d5720885
lever:hermeus:445db430-6f81-41cf-847a-56a947afb936,Hermeus,Software Engineering Intern (Modeling & Simulation) - Spring/Summer 2027,Summer 2027,False,,Internship,,Software,"Los Angeles, CA",citizens-only,,25–33 USD/hr,Python; C++; MATLAB,2026-09-01T18:28:54Z,exact,2026-09-01T19:05:53Z,https://jobs.lever.co/hermeus/445db430-6f81-41cf-847a-56a947afb936
lever:hermeus:d87ed913-affc-475e-b721-c5b5f11c3c7b,Hermeus,Software Engineering Intern (HIL) - Spring/Summer 2027,Summer 2027,False,,Internship,,Software,"Atlanta, GA",citizens-only,,25–33 USD/hr,Python; C++; MATLAB,2026-09-01T15:30:22Z,exact,2026-09-01T22:00:29Z,https://jobs.lever.co/hermeus/d87ed913-affc-475e-b721-c5b5f11c3c7b
oracle:ebgj.fa.us2.oraclecloud.com:253297,Texas Instruments,IT Infrastructure Intern - Summer 2027,Summer 2027,False,,Internship,,Software,"Pella, IA, United States",unknown,234,$27.25/hr,LLMs,2026-09-01,date_only,2026-09-01T15:48:01Z,https://ebgj.fa.us2.oraclecloud.com/hcmUI/CandidateExperience/en/sites/CX_1/job/253297
oracle:ebgj.fa.us2.oraclecloud.com:253299,Texas Instruments,Software Intern - Summer 2027,Summer 2027,False,,Internship,,Software,"Pella, IA, United States; Urbandale, IA, United States",unknown,234,$27.25/hr,Python; Java; C++; JavaScript; LLMs; Git,2026-09-01,date_only,2026-09-01T15:48:01Z,https://ebgj.fa.us2.oraclecloud.com/hcmUI/CandidateExperience/en/sites/CX_1/job/253299
oracle:ebgj.fa.us2.oraclecloud.com:253304,Texas Instruments,Data Engineer Intern - Summer 2027,Summer 2027,False,,Internship,,Data & ML/AI,"Pella, IA, United States; Urbandale, IA, United States",unknown,234,$29/hr,Python; SQL; LLMs; Git,2026-09-01,date_only,2026-09-01T15:48:01Z,https://ebgj.fa.us2.oraclecloud.com/hcmUI/CandidateExperience/en/sites/CX_1/job/253304
oracle:egug.fa.us2.oraclecloud.com:26011828,American Express,"Campus Undergraduate Summer Internship Program - 2027 Data Engineer, Enterprise Technology Services- Charlotte, NC",Summer 2027,False,,Internship,,Data & ML/AI,"Charlotte, NC, United States",unknown,133,,Python; Java; SQL; AWS; GCP; Azure; PostgreSQL; MongoDB,2026-09-01,date_only,2026-09-01T05:56:51Z,https://egug.fa.us2.oraclecloud.com/hcmUI/CandidateExperience/en/sites/CX_1/job/26011828
oracle:egug.fa.us2.oraclecloud.com:26011831,American Express,"Campus Undergraduate Summer Internship Program - 2027 Data Engineer, Enterprise Technology Services- Sunrise, FL",Summer 2027,False,,Internship,,Data & ML/AI,"Sunrise, FL, United States",unknown,133,,Python; Java; SQL; AWS; GCP; Azure; PostgreSQL; MongoDB,2026-09-01,date_only,2026-09-01T05:56:51Z,https://egug.fa.us2.oraclecloud.com/hcmUI/CandidateExperience/en/sites/CX_1/job/26011831
oracle:egug.fa.us2.oraclecloud.com:26012333,American Express,"Campus Undergraduate Summer Internship Program - 2027 Data Engineer, Enterprise Technology Services- Phoenix, AZ",Summer 2027,False,,Internship,,Data & ML/AI,"Phoenix, AZ, United States",unknown,133,,Python; Java; SQL; AWS; GCP; Azure; PostgreSQL; MongoDB,2026-09-01,date_only,2026-09-01T05:56:51Z,https://egug.fa.us2.oraclecloud.com/hcmUI/CandidateExperience/en/sites/CX_1/job/26012333
oracle:egug.fa.us2.oraclecloud.com:26012339,American Express,"Campus Graduate Masters Summer Internship Program - 2027 Data Engineer, Enterprise Technology Services- Phoenix, AZ",Summer 2027,False,,Internship,,Data & ML/AI,"Phoenix, AZ, United States",unknown,133,,Python; Java; SQL; PostgreSQL; MongoDB; Redis,2026-09-01,date_only,2026-09-01T05:56:51Z,https://egug.fa.us2.oraclecloud.com/hcmUI/CandidateExperience/en/sites/CX_1/job/26012339
oracle:egug.fa.us2.oraclecloud.com:26012764,American Express,"Campus Graduate Masters Summer Internship Program - 2027 Data Engineer, Enterprise Technology Services- Charlotte, NC",Summer 2027,False,,Internship,,Data & ML/AI,"Charlotte, NC, United States",unknown,133,,Python; Java; SQL; PostgreSQL; MongoDB; Redis,2026-09-01,date_only,2026-09-01T05:56:51Z,https://egug.fa.us2.oraclecloud.com/hcmUI/CandidateExperience/en/sites/CX_1/job/26012764
oracle:egug.fa.us2.oraclecloud.com:26012781,American Express,"Campus Graduate Masters Summer Internship Program - 2027 Data Engineer, Enterprise Technology Services- Sunrise, FL",Summer 2027,False,,Internship,,Data & ML/AI,"Sunrise, FL, United States",unknown,133,,Python; Java; SQL; PostgreSQL; MongoDB; Redis,2026-09-01,date_only,2026-09-01T05:56:51Z,https://egug.fa.us2.oraclecloud.com/hcmUI/CandidateExperience/en/sites/CX_1/job/26012781
oracle:egug.fa.us2.oraclecloud.com:26013190,American Express,"Campus Graduate I Summer Internship Program - 2027 Data Science, Finance - New York, NY",Summer 2027,False,,Internship,,Data & ML/AI,"New York, NY, United States",unknown,133,,Python; SQL; LLMs,2026-09-01,date_only,2026-09-01T05:56:51Z,https://egug.fa.us2.oraclecloud.com/hcmUI/CandidateExperience/en/sites/CX_1/job/26013190
oracle:egug.fa.us2.oraclecloud.com:26013191,American Express,"Campus Graduate II Summer Internship Program - 2027 Data Science, Finance - New York, NY",Summer 2027,False,,Internship,,Data & ML/AI,"New York, NY, United States",unknown,133,,Python; SQL; LLMs,2026-09-01,date_only,2026-09-01T05:56:51Z,https://egug.fa.us2.oraclecloud.com/hcmUI/CandidateExperience/en/sites/CX_1/job/26013191
oracle:hdjq.fa.us2.oraclecloud.com:26007510,Emerson Electric,AI Engineering Co-Op,Not stated,True,,Co-op,,Data & ML/AI,"Marshalltown, IA, United States",unknown,8,,Python; LLMs; Git,2026-09-01,date_only,2026-09-01T00:52:19Z,https://hdjq.fa.us2.oraclecloud.com/hcmUI/CandidateExperience/en/sites/CX_1/job/26007510
oracle:hdjq.fa.us2.oraclecloud.com:26008442,Emerson Electric,Software Engineering Co-Op,Not stated,True,,Co-op,,Software,"Marshalltown, IA, United States",unknown,8,,Java; JavaScript; SQL; HTML/CSS,2026-09-01,date_only,2026-09-01T00:52:19Z,https://hdjq.fa.us2.oraclecloud.com/hcmUI/CandidateExperience/en/sites/CX_1/job/26008442
oracle:hdjq.fa.us2.oraclecloud.com:26008443,Emerson Electric,Embedded Software Co-Op,Not stated,True,,Co-op,,Software,"Marshalltown, IA, United States",unknown,8,,C++; C#,2026-09-01,date_only,2026-09-01T00:52:19Z,https://hdjq.fa.us2.oraclecloud.com/hcmUI/CandidateExperience/en/sites/CX_1/job/26008443
oracle:hdjq.fa.us2.oraclecloud.com:26008761,Emerson Electric,Firmware Engineer Co-Op,Not stated,True,,Co-op,,Hardware,"Marshalltown, IA, United States",unknown,8,,C++; Azure; Git,2026-09-01,date_only,2026-09-01T00:52:19Z,https://hdjq.fa.us2.oraclecloud.com/hcmUI/CandidateExperience/en/sites/CX_1/job/26008761
oracle:hdjq.fa.us2.oraclecloud.com:26008762,Emerson Electric,Machine Learning R&D Co-Op,Not stated,True,,Co-op,,Data & ML/AI,"Marshalltown, IA, United States",unknown,8,,Python; MATLAB; PyTorch; TensorFlow; scikit-learn; Pandas,2026-09-01,date_only,2026-09-01T00:52:19Z,https://hdjq.fa.us2.oraclecloud.com/hcmUI/CandidateExperience/en/sites/CX_1/job/26008762
oracle:hdjq.fa.us2.oraclecloud.com:26009200,Emerson Electric,Data Analyst Co-Op,Not stated,True,,Co-op,,Data & ML/AI,"Marshalltown, IA, United States",unknown,8,,Python; Java; C++; C#; SQL,2026-09-01,date_only,2026-09-01T00:52:19Z,https://hdjq.fa.us2.oraclecloud.com/hcmUI/CandidateExperience/en/sites/CX_1/job/26009200
oracle:hdjq.fa.us2.oraclecloud.com:26009321,Emerson Electric,Cybersecurity Engineering Co-op (Jan27-May27),Not stated,True,,Co-op,,Security,"Shakopee, MN, United States",unknown,8,,Python; C++,2026-09-01,date_only,2026-09-01T00:52:19Z,https://hdjq.fa.us2.oraclecloud.com/hcmUI/CandidateExperience/en/sites/CX_1/job/26009321
oracle:hdjq.fa.us2.oraclecloud.com:26009324,Emerson Electric,Cybersecurity Engineering Intern,Not stated,True,,Internship,,Security,"Shakopee, MN, United States",unknown,8,,Python; C++,2026-09-01,date_only,2026-09-01T00:52:19Z,https://hdjq.fa.us2.oraclecloud.com/hcmUI/CandidateExperience/en/sites/CX_1/job/26009324
oracle:hdjq.fa.us2.oraclecloud.com:26009454,Emerson Electric,Software Engineering Spring Co-op (Jan27- May27),Not stated,True,,Co-op,,Software,"Shakopee, MN, United States",unknown,8,,,2026-09-01,date_only,2026-09-01T00:52:19Z,https://hdjq.fa.us2.oraclecloud.com/hcmUI/CandidateExperience/en/sites/CX_1/job/26009454
oracle:hdjq.fa.us2.oraclecloud.com:26009478,Emerson Electric,Cybersecurity Engineering Intern,Not stated,True,,Internship,,Security,"Boulder, CO, United States",unknown,8,,Python; C++,2026-09-01,date_only,2026-09-01T00:52:19Z,https://hdjq.fa.us2.oraclecloud.com/hcmUI/CandidateExperience/en/sites/CX_1/job/26009478
oracle:hdjq.fa.us2.oraclecloud.com:26009488,Emerson Electric,Data Science Engineering Intern,Not stated,True,,Internship,,Data & ML/AI,"Boulder, CO, United States",unknown,8,,Python; SQL; Tableau,2026-09-01,date_only,2026-09-01T00:52:19Z,https://hdjq.fa.us2.oraclecloud.com/hcmUI/CandidateExperience/en/sites/CX_1/job/26009488
oracle:hdjq.fa.us2.oraclecloud.com:26009500,Emerson Electric,Software Engineering Intern,Not stated,True,,Internship,,Software,"Houston, TX, United States",unknown,8,,,2026-09-01,date_only,2026-09-01T00:52:19Z,https://hdjq.fa.us2.oraclecloud.com/hcmUI/CandidateExperience/en/sites/CX_1/job/26009500
oracle:hdjq.fa.us2.oraclecloud.com:26009673,Emerson Electric,Software Engineering Intern,Not stated,True,,Internship,,Software,"Shakopee, MN, United States; Chanhassen, MN, United States; Eden Prairie, MN, United States",unknown,8,,,2026-09-01,date_only,2026-09-01T00:52:19Z,https://hdjq.fa.us2.oraclecloud.com/hcmUI/CandidateExperience/en/sites/CX_1/job/26009673
smartrecruiters:Acumatica:744000146749696,Acumatica,"AI & Automation Intern, Office of the CFO",Not stated,True,,Internship,yes,Data & ML/AI,"Bellevue, WA, United States (Remote)",unknown,,$20/hr,Python; LLMs,2026-09-01T14:56:25.616Z,exact,2026-09-03T15:26:58Z,https://jobs.smartrecruiters.com/Acumatica/744000146749696
workable:twgai:263B34D737,TWG Global,AI Data Science Intern (SOLT) - Summer 2027,Summer 2027,False,,Internship,,Data & ML/AI,"Santa Monica, California, United States",unknown,,$50/hr,Python; PyTorch; scikit-learn; Pandas; LLMs,2026-09-01T00:00:00.000Z,date_only,2026-09-04T13:40:47Z,https://apply.workable.com/twgai/j/263B34D737/
workable:twgai:772CD136FF,TWG Global,AI Engineering Intern - Summer 2027,Summer 2027,False,,Internship,,Data & ML/AI,"Santa Monica, California, United States",unknown,,$50/hr,LLMs; Computer Vision,2026-09-01T00:00:00.000Z,date_only,2026-09-04T13:40:47Z,https://apply.workable.com/twgai/j/772CD136FF/
workable:twgai:AC536E5EE2,TWG Global,AI Data Science Intern (MAQR) - Summer 2027,Summer 2027,False,,Internship,,Data & ML/AI,"Santa Monica, California, United States",unknown,,$50/hr,Python; PyTorch; TensorFlow; scikit-learn; Pandas; Git,2026-09-01T00:00:00.000Z,date_only,2026-09-04T13:40:47Z,https://apply.workable.com/twgai/j/AC536E5EE2/
workday:altera:/job/San-Jose-California-United-States/Graduate-Intern---Engineering-Infrastructure_R03066,Altera Corporation,Graduate Intern - Engineering Infrastructure,Not stated,True,,Internship,,Software,"San Jose, California, United States",unknown,,,Python; Bash; AWS; Terraform; Linux,2026-09-01T00:00:00Z,date_only,2026-09-02T04:47:33Z,https://altera.wd1.myworkdayjobs.com/altera/job/San-Jose-California-United-States/Graduate-Intern---Engineering-Infrastructure_R03066
workday:caci:/job/Sarasota-FL-US/AWS-Cloud-Engineering-Intern---Summer-2027_331437,CACI,AWS Cloud Engineering Intern - Summer 2027,Summer 2027,False,,Internship,,Software,"Sarasota, FL, US",unknown,,,AWS; Python; Java; Bash; Node.js; Linux,2026-09-01T00:00:00Z,date_only,2026-09-01T19:05:53Z,https://caci.wd1.myworkdayjobs.com/external/job/Sarasota-FL-US/AWS-Cloud-Engineering-Intern---Summer-2027_331437
workday:clarios:/job/United-States-Wisconsin-Milwaukee/IT-Digital-AI-Intern--Summer-2027-_WD49910,Clarios,IT Digital/AI Intern (Summer 2027),Summer 2027,False,,Internship,,Data & ML/AI,"United States, Wisconsin, Milwaukee",no-sponsorship,18,,,2026-09-01T00:00:00Z,date_only,2026-09-01T15:48:01Z,https://clarios.wd5.myworkdayjobs.com/clarioscareers/job/United-States-Wisconsin-Milwaukee/IT-Digital-AI-Intern--Summer-2027-_WD49910
workday:clearwateranalytics:/job/Office---New-York/Quant-Developer-Intern_R12182,CWAN,Quant Developer Intern,Not stated,True,,Internship,,Quant,Office - New York,unknown,,,Java,2026-09-01T00:00:00Z,date_only,2026-09-01T22:00:29Z,https://clearwateranalytics.wd1.myworkdayjobs.com/Clearwater_Analytics_Careers/job/Office---New-York/Quant-Developer-Intern_R12182
workday:clearwateranalytics:/job/Office---New-York/Quant-Developer-Intern_R12183,CWAN,Quant Developer Intern,Not stated,True,,Internship,,Quant,Office - New York,unknown,,,Java,2026-09-01T00:00:00Z,date_only,2026-09-01T22:00:29Z,https://clearwateranalytics.wd1.myworkdayjobs.com/Clearwater_Analytics_Careers/job/Office---New-York/Quant-Developer-Intern_R12183
workday:clearwateranalytics:/job/Office---New-York/Quant-Developer-Intern_R12184,CWAN,Quant Developer Intern,Not stated,True,,Internship,,Quant,Office - New York,unknown,,,Java,2026-09-01T00:00:00Z,date_only,2026-09-01T22:00:29Z,https://clearwateranalytics.wd1.myworkdayjobs.com/Clearwater_Analytics_Careers/job/Office---New-York/Quant-Developer-Intern_R12184
workday:clearwateranalytics:/job/Office---New-York/Quant-Developer-Intern_R12185,CWAN,Quant Developer Intern,Not stated,True,,Internship,,Quant,Office - New York,unknown,,,Java,2026-09-01T00:00:00Z,date_only,2026-09-01T22:00:29Z,https://clearwateranalytics.wd1.myworkdayjobs.com/Clearwater_Analytics_Careers/job/Office---New-York/Quant-Developer-Intern_R12185
workday:draftkings:/job/Boston-MA/Data-Science-Intern-Referral--Summer-2027-_JR14960,DraftKings,Data Science Intern-Referral (Summer 2027),Summer 2027,False,,Internship,,Data & ML/AI,"Boston, MA",unknown,52,,Python; Git,2026-09-01T00:00:00Z,date_only,2026-09-01T22:00:29Z,https://draftkings.wd1.myworkdayjobs.com/Employee_Referral_Portal/job/Boston-MA/Data-Science-Intern-Referral--Summer-2027-_JR14960
workday:draftkings:/job/Boston-MA/Software-Engineer-Intern-Referral--Summer-2027-_JR14932,DraftKings,Software Engineer Intern-Referral (Summer 2027),Summer 2027,False,,Internship,,Software,"Boston, MA",unknown,52,,,2026-09-01T00:00:00Z,date_only,2026-09-01T22:00:29Z,https://draftkings.wd1.myworkdayjobs.com/Employee_Referral_Portal/job/Boston-MA/Software-Engineer-Intern-Referral--Summer-2027-_JR14932
workday:flir:/job/US---Huntsville-AL/EADSIM-Software-Engineering-Intern--Summer-2027-_REQ36667,Teledyne,EADSIM Software Engineering Intern (Summer 2027),Summer 2027,False,,Internship,,Software,"US - Huntsville, AL",citizens-only,,,Python; C++; Git,2026-09-01T00:00:00Z,date_only,2026-09-01T15:48:01Z,https://flir.wd1.myworkdayjobs.com/flircareers/job/US---Huntsville-AL/EADSIM-Software-Engineering-Intern--Summer-2027-_REQ36667
workday:fnbcorp:/job/Pittsburgh-PA/Summer-2027-AI-ML-Modeler-Intern_2026-01851,First National Bank,Summer 2027 AI/ML Modeler Intern,Summer 2027,False,,Internship,,Data & ML/AI,"Pittsburgh, PA",no-sponsorship,,,Python; SQL; scikit-learn; Pandas; Docker; Git,2026-09-01T00:00:00Z,date_only,2026-09-01T19:05:53Z,https://fnbcorp.wd501.myworkdayjobs.com/FNBCORP/job/Pittsburgh-PA/Summer-2027-AI-ML-Modeler-Intern_2026-01851
workday:fnbcorp:/job/Pittsburgh-PA/Summer-2027-AI-and-Innovation-Intern---Pittsburgh--PA_2026-01811,First National Bank,"Summer 2027 AI and Innovation Intern - Pittsburgh, PA",Summer 2027,False,,Internship,,Data & ML/AI,"Pittsburgh, PA",no-sponsorship,,,LLMs,2026-09-01T00:00:00Z,date_only,2026-09-01T15:48:01Z,https://fnbcorp.wd501.myworkdayjobs.com/FNBCORP/job/Pittsburgh-PA/Summer-2027-AI-and-Innovation-Intern---Pittsburgh--PA_2026-01811
workday:fnbcorp:/job/Pittsburgh-PA/Summer-2027-Data-Science-Intern---Pittsburgh--PA_2026-02016,First National Bank,"Summer 2027 Data Science Intern - Pittsburgh, PA",Summer 2027,False,,Internship,,Data & ML/AI,"Pittsburgh, PA",no-sponsorship,,,,2026-09-01T00:00:00Z,date_only,2026-09-01T15:48:01Z,https://fnbcorp.wd501.myworkdayjobs.com/FNBCORP/job/Pittsburgh-PA/Summer-2027-Data-Science-Intern---Pittsburgh--PA_2026-02016
workday:genpt:/job/Birmingham-AL-USA/Cloud-Developer-Intern_R26_0000029133,Genuine Parts Company,Cloud Developer Intern,Not stated,True,,Internship,,Software,"Birmingham, AL, USA",unknown,63,,Java; GCP; Linux; Git,2026-09-01T00:00:00Z,date_only,2026-09-01T22:00:29Z,https://genpt.wd1.myworkdayjobs.com/Careers/job/Birmingham-AL-USA/Cloud-Developer-Intern_R26_0000029133
workday:genpt:/job/Birmingham-AL-USA/Cloud-SRE-Intern_R26_0000029134,Genuine Parts Company,Cloud SRE Intern,Not stated,True,,Internship,,Software,"Birmingham, AL, USA",unknown,63,,GCP,2026-09-01T00:00:00Z,date_only,2026-09-01T22:00:29Z,https://genpt.wd1.myworkdayjobs.com/Careers/job/Birmingham-AL-USA/Cloud-SRE-Intern_R26_0000029134
workday:genpt:/job/Birmingham-AL-USA/Customer-Software-Development-Intern_R26_0000029135,Genuine Parts Company,Customer Software Development Intern,Not stated,True,,Internship,,Software,"Birmingham, AL, USA",unknown,63,,Java; SQL,2026-09-01T00:00:00Z,date_only,2026-09-01T22:00:29Z,https://genpt.wd1.myworkdayjobs.com/Careers/job/Birmingham-AL-USA/Customer-Software-Development-Intern_R26_0000029135
workday:genpt:/job/Birmingham-AL-USA/GRC-Cybersecurity-Analyst-Intern_R26_0000029137,Genuine Parts Company,GRC/Cybersecurity Analyst Intern,Not stated,True,,Internship,,Security,"Birmingham, AL, USA",unknown,63,,Linux,2026-09-01T00:00:00Z,date_only,2026-09-01T22:00:29Z,https://genpt.wd1.myworkdayjobs.com/Careers/job/Birmingham-AL-USA/GRC-Cybersecurity-Analyst-Intern_R26_0000029137
workday:genpt:/job/Birmingham-AL-USA/Platform-Engineering-Intern_R26_0000029141,Genuine Parts Company,Platform Engineering Intern,Not stated,True,,Internship,,Software,"Birmingham, AL, USA",unknown,63,,GCP,2026-09-01T00:00:00Z,date_only,2026-09-01T22:00:29Z,https://genpt.wd1.myworkdayjobs.com/Careers/job/Birmingham-AL-USA/Platform-Engineering-Intern_R26_0000029141
workday:genpt:/job/Birmingham-AL-USA/Software-Developer-Intern_R26_0000029140,Genuine Parts Company,Software Developer Intern,Not stated,True,,Internship,,Software,"Birmingham, AL, USA",unknown,63,,Java; SQL; GCP; Linux; Git,2026-09-01T00:00:00Z,date_only,2026-09-01T22:00:29Z,https://genpt.wd1.myworkdayjobs.com/Careers/job/Birmingham-AL-USA/Software-Developer-Intern_R26_0000029140
workday:iatinsurancegroup:/job/Raleigh-NC/Cyber-Security-Internship_JR100410,IAT Insurance Group,Cyber Security Internship,Summer 2027,False,,Internship,,Security,Raleigh NC,no-sponsorship,,,,2026-09-01T00:00:00Z,date_only,2026-09-02T20:22:42Z,https://iatinsurancegroup.wd1.myworkdayjobs.com/iat/job/Raleigh-NC/Cyber-Security-Internship_JR100410
workday:ingredion:/job/Westchester-IL/AI---Data-Scientist-Intern_Req-40007-1,Ingredion,AI & Data Scientist Intern,Not stated,True,,Internship,,Data & ML/AI,"Westchester, IL",unknown,4,$20–$25/hr,SQL; PyTorch; TensorFlow; scikit-learn; AWS; GCP; Azure; Hadoop,2026-09-01T00:00:00Z,date_only,2026-09-02T13:52:39Z,https://ingredion.wd1.myworkdayjobs.com/IngredionCareers/job/Westchester-IL/AI---Data-Scientist-Intern_Req-40007-1
workday:jj:/job/Cincinnati-Ohio-United-States-of-America/Data-Science-Co-Op--Summer-2027_R-096746,Johnson & Johnson,"Data Science Co-Op, Summer 2027",Summer 2027,False,,Co-op,,Data & ML/AI,"Cincinnati, Ohio, United States of America",no-sponsorship,8,$23.5/hr,Python; SQL; scikit-learn; Pandas; Git; Spark; Tableau,2026-09-01T00:00:00Z,date_only,2026-09-01T19:05:53Z,https://jj.wd5.myworkdayjobs.com/JJ/job/Cincinnati-Ohio-United-States-of-America/Data-Science-Co-Op--Summer-2027_R-096746
workday:jj:/job/Cincinnati-Ohio-United-States-of-America/Software-Engineering-Co-Op-Summer-2027_R-096743,Johnson & Johnson,Software Engineering Co-Op. Summer 2027,Summer 2027,False,,Co-op,,Software,"Cincinnati, Ohio, United States of America",no-sponsorship,8,$23.5/hr,Python; C++; Linux,2026-09-01T00:00:00Z,date_only,2026-09-01T19:05:53Z,https://jj.wd5.myworkdayjobs.com/JJ/job/Cincinnati-Ohio-United-States-of-America/Software-Engineering-Co-Op-Summer-2027_R-096743
workday:mastercard:/job/OFallon-Missouri/Platform-Engineering-Intern--Summer-2027---St-Louis--MO--US_R-284868,Mastercard,"Platform Engineering Intern, Summer 2027 – St. Louis, MO, US",Summer 2027,False,,Internship,,Software,"O'Fallon, Missouri",unknown,,$25–$30/hr,AWS; GCP; Azure; Kubernetes; Docker; Terraform; Linux,2026-09-01T00:00:00Z,date_only,2026-09-01T15:48:01Z,https://mastercard.wd1.myworkdayjobs.com/Campus/job/OFallon-Missouri/Platform-Engineering-Intern--Summer-2027---St-Louis--MO--US_R-284868
workday:mastercard:/job/OFallon-Missouri/Platform-Engineering-Intern--Summer-2027---St-Louis--MO--US_R-284873,Mastercard,"Platform Engineering Intern, Summer 2027 – St. Louis, MO, US",Summer 2027,False,,Internship,,Software,"O'Fallon, Missouri",unknown,,$25–$30/hr,SQL; LLMs; PostgreSQL; MongoDB; Redis,2026-09-01T00:00:00Z,date_only,2026-09-01T19:05:53Z,https://mastercard.wd1.myworkdayjobs.com/Campus/job/OFallon-Missouri/Platform-Engineering-Intern--Summer-2027---St-Louis--MO--US_R-284873
workday:newrez:/job/TX-Coppell/XMLNAME-2027-Summer-Internship---Software-Developer_R10390,Newrez,2027 Summer Internship - Software Developer,Summer 2027,False,,Internship,,Software,"TX, Coppell",unknown,24,,C#; SQL; Git; Tableau,2026-09-01T00:00:00Z,date_only,2026-09-01T15:48:01Z,https://newrez.wd1.myworkdayjobs.com/NRZ/job/TX-Coppell/XMLNAME-2027-Summer-Internship---Software-Developer_R10390
workday:ntrs:/job/Chicago-IL/Technology-Intern---Data-Science-and-Analytics_R160865-1,Northern Trust,Technology Intern – Data Science and Analytics,Not stated,True,,Internship,,Data & ML/AI,"Chicago, IL",no-sponsorship,144,,Python; SQL; Bash; LLMs; Tableau,2026-09-01T00:00:00Z,date_only,2026-09-01T22:00:29Z,https://ntrs.wd1.myworkdayjobs.com/northerntrust/job/Chicago-IL/Technology-Intern---Data-Science-and-Analytics_R160865-1
workday:ntrs:/job/Chicago-IL/Technology-Intern---Information-Security_R160869-1,Northern Trust,Technology Intern – Information Security,Not stated,True,,Internship,,Security,"Chicago, IL",no-sponsorship,144,,Python; Java; SQL; Bash; LLMs; Azure,2026-09-01T00:00:00Z,date_only,2026-09-01T22:00:29Z,https://ntrs.wd1.myworkdayjobs.com/northerntrust/job/Chicago-IL/Technology-Intern---Information-Security_R160869-1
workday:ntrs:/job/Chicago-IL/Technology-Intern---Infrastructure-and-IT-Management_R160872-1,Northern Trust,Technology Intern – Infrastructure and IT Management,Not stated,True,,Internship,,Software,"Chicago, IL",no-sponsorship,144,,Bash; LLMs,2026-09-01T00:00:00Z,date_only,2026-09-01T22:00:29Z,https://ntrs.wd1.myworkdayjobs.com/northerntrust/job/Chicago-IL/Technology-Intern---Infrastructure-and-IT-Management_R160872-1
workday:ntrs:/job/Chicago-IL/Technology-Intern---Software-Engineering_R160832-1,Northern Trust,Technology Intern – Software Engineering,Not stated,True,,Internship,,Software,"Chicago, IL",no-sponsorship,144,,Python; Java; SQL; Bash; LLMs; Azure; Git,2026-09-01T00:00:00Z,date_only,2026-09-01T22:00:29Z,https://ntrs.wd1.myworkdayjobs.com/northerntrust/job/Chicago-IL/Technology-Intern---Software-Engineering_R160832-1
workday:pimco:/job/Newport-Beach-CA-USA/XMLNAME-2027-Summer-Intern---Masters-Quant-Research-Analyst--Client-Solutions---Analytics--US_R106816,PIMCO,"2027 Summer Intern - Masters Quant Research Analyst, Client Solutions & Analytics, US",Summer 2027,False,,Internship,,Quant,"Newport Beach, CA USA",unknown,42,,Python,2026-09-01T00:00:00Z,date_only,2026-09-01T11:51:48Z,https://pimco.wd1.myworkdayjobs.com/pimco-careers/job/Newport-Beach-CA-USA/XMLNAME-2027-Summer-Intern---Masters-Quant-Research-Analyst--Client-Solutions---Analytics--US_R106816
workday:rockwellautomation:/job/Mayfield-Heights-Ohio-United-States/Intern--Content-IDE-Software-Development--LCS-_R26-5010-2,Rockwell Automation,"Intern, Content IDE Software Development (LCS)",Not stated,True,,Internship,,Software,"Mayfield Heights, Ohio, United States",no-sponsorship,90,,Git,2026-09-01T00:00:00Z,date_only,2026-09-02T00:21:49Z,https://rockwellautomation.wd1.myworkdayjobs.com/External_Rockwell_Automation/job/Mayfield-Heights-Ohio-United-States/Intern--Content-IDE-Software-Development--LCS-_R26-5010-2
workday:rockwellautomation:/job/Mayfield-Heights-Ohio-United-States/Intern--Cyber-Professional-Services--LCS-_R26-5042-2,Rockwell Automation,"Intern, Cyber Professional Services (LCS)",Not stated,True,,Internship,,Security,"Mayfield Heights, Ohio, United States",no-sponsorship,90,,,2026-09-01T00:00:00Z,date_only,2026-09-02T00:21:49Z,https://rockwellautomation.wd1.myworkdayjobs.com/External_Rockwell_Automation/job/Mayfield-Heights-Ohio-United-States/Intern--Cyber-Professional-Services--LCS-_R26-5042-2
workday:sbdinc:/job/Towson-MD-United-States/Embedded-Engineering-Summer-Intern-2027_REQ-1000052019,Stanley Black & Decker,Embedded Engineering Summer Intern 2027,Summer 2027,False,,Internship,,Software,"Towson, MD, United States",unknown,124,$22–$27/hr,,2026-09-01T00:00:00Z,date_only,2026-09-01T19:05:53Z,https://sbdinc.wd1.myworkdayjobs.com/Stanley_Black_Decker_Career_Site/job/Towson-MD-United-States/Embedded-Engineering-Summer-Intern-2027_REQ-1000052019
workday:stryker:/job/Florida-Virtual-Address/Data-Science-Intern_R572731,Stryker,Data Science Intern - Remote,Not stated,True,,Internship,yes,Data & ML/AI,"Florida, Virtual Address",unknown,104,,Python; SQL,2026-09-01T00:00:00Z,date_only,2026-09-01T22:00:29Z,https://stryker.wd1.myworkdayjobs.com/StrykerCareers/job/Florida-Virtual-Address/Data-Science-Intern_R572731
workday:stryker:/job/Irvine-California/Summer-2027-Internship---Statistical-Programming---California_R572769,Stryker,Summer 2027 Internship - Statistical Programming - California,Summer 2027,False,,Internship,,Software,"Irvine, California",unknown,104,,,2026-09-01T00:00:00Z,date_only,2026-09-02T00:21:49Z,https://stryker.wd1.myworkdayjobs.com/StrykerCareers/job/Irvine-California/Summer-2027-Internship---Statistical-Programming---California_R572769
workday:tencent:/job/US-California-Palo-Alto/AI-Business-Analyst-Intern_R108039-1,Tencent,AI Business Analyst Intern,Not stated,True,,Internship,,Data & ML/AI,US-California-Palo Alto,unknown,,$24.81–$42.7/hr,,2026-09-01T00:00:00Z,date_only,2026-09-01T19:05:53Z,https://tencent.wd1.myworkdayjobs.com/Tencent_Careers/job/US-California-Palo-Alto/AI-Business-Analyst-Intern_R108039-1
workday:trwd:/job/Fort-Worth-TX/Summer-2027-Infrastructure-Engineering-Intern--T036-_JR100218,Tarrant Regional Water District,Summer 2027 Infrastructure Engineering Intern (T036),Summer 2027,False,,Internship,,Software,"Fort Worth, TX",unknown,,$18.54–$27.82/hr,,2026-09-01T00:00:00Z,date_only,2026-09-02T13:52:39Z,https://trwd.wd1.myworkdayjobs.com/TRWDCareers/job/Fort-Worth-TX/Summer-2027-Infrastructure-Engineering-Intern--T036-_JR100218
workday:usfoods:/job/Rosemont-IL/Intern---AI-Automation--Hybrid--Onsite---Remote-_R282109,US Foods,Intern – AI Automation (Hybrid: Onsite & Remote),Not stated,True,,Internship,yes,Data & ML/AI,Rosemont IL,no-sponsorship,10,,LLMs,2026-09-01T00:00:00Z,date_only,2026-09-02T13:52:39Z,https://usfoods.wd1.myworkdayjobs.com/usfoodscareersExternal/job/Rosemont-IL/Intern---AI-Automation--Hybrid--Onsite---Remote-_R282109
workday:usfoods:/job/Rosemont-IL/Intern---Cybersecurity-Operations--Hybrid--Onsite---Remote-_R282117,US Foods,Intern – Cybersecurity Operations (Hybrid: Onsite & Remote),Not stated,True,,Internship,yes,Security,Rosemont IL,no-sponsorship,10,,Python; Bash; Linux,2026-09-01T00:00:00Z,date_only,2026-09-02T13:52:39Z,https://usfoods.wd1.myworkdayjobs.com/usfoodscareersExternal/job/Rosemont-IL/Intern---Cybersecurity-Operations--Hybrid--Onsite---Remote-_R282117
workday:usfoods:/job/Rosemont-IL/Intern---Cybersecurity-Risk--Hybrid--Onsite---Remote-_R282118,US Foods,Intern – Cybersecurity Risk (Hybrid: Onsite & Remote),Not stated,True,,Internship,yes,Security,Rosemont IL,no-sponsorship,10,,,2026-09-01T00:00:00Z,date_only,2026-09-02T13:52:39Z,https://usfoods.wd1.myworkdayjobs.com/usfoodscareersExternal/job/Rosemont-IL/Intern---Cybersecurity-Risk--Hybrid--Onsite---Remote-_R282118
workday:usfoods:/job/Rosemont-IL/Intern---Data-Analyst--Hybrid--Onsite---Remote-_R282121,US Foods,Intern – Data Analyst (Hybrid: Onsite & Remote),Not stated,True,,Internship,yes,Data & ML/AI,Rosemont IL,no-sponsorship,10,,,2026-09-01T00:00:00Z,date_only,2026-09-02T13:52:39Z,https://usfoods.wd1.myworkdayjobs.com/usfoodscareersExternal/job/Rosemont-IL/Intern---Data-Analyst--Hybrid--Onsite---Remote-_R282121
workday:usfoods:/job/Rosemont-IL/Intern---Data-Engineer--Hybrid--Onsite---Remote-_R282116,US Foods,Intern – Data Engineer (Hybrid: Onsite & Remote),Not stated,True,,Internship,yes,Data & ML/AI,Rosemont IL,no-sponsorship,10,,Python; SQL; Pandas; LLMs; AWS; Linux; Git; Kafka,2026-09-01T00:00:00Z,date_only,2026-09-02T13:52:39Z,https://usfoods.wd1.myworkdayjobs.com/usfoodscareersExternal/job/Rosemont-IL/Intern---Data-Engineer--Hybrid--Onsite---Remote-_R282116
workday:usfoods:/job/Rosemont-IL/Intern---Software-Engineer--Digital-Commerce--Hybrid--Onsite---Remote-_R282111,US Foods,"Intern – Software Engineer, Digital Commerce (Hybrid: Onsite & Remote)",Not stated,True,,Internship,yes,Software,Rosemont IL,no-sponsorship,10,,Java; JavaScript; Angular; HTML/CSS; AWS; Kubernetes; Docker; Git,2026-09-01T00:00:00Z,date_only,2026-09-02T13:52:39Z,https://usfoods.wd1.myworkdayjobs.com/usfoodscareersExternal/job/Rosemont-IL/Intern---Software-Engineer--Digital-Commerce--Hybrid--Onsite---Remote-_R282111
workday:usfoods:/job/Rosemont-IL/Intern---Software-Engineer--Legacy-Systems--Hybrid--Onsite---Remote-_R282106,US Foods,"Intern – Software Engineer, Legacy Systems (Hybrid: Onsite & Remote)",Not stated,True,,Internship,yes,Software,Rosemont IL,no-sponsorship,10,,SQL,2026-09-01T00:00:00Z,date_only,2026-09-02T13:52:39Z,https://usfoods.wd1.myworkdayjobs.com/usfoodscareersExternal/job/Rosemont-IL/Intern---Software-Engineer--Legacy-Systems--Hybrid--Onsite---Remote-_R282106
workday:vermeer:/job/Pella-Iowa-USA---Corporate-Office/Embedded-Software-Engineer-Internship-Summer-2027_REQ-22165,Vermeer,Embedded Software Engineer Internship Summer 2027,Summer 2027,False,,Internship,,Software,"Pella, Iowa, USA - Corporate Office",unknown,,,C++; MATLAB; Git,2026-09-01T00:00:00Z,date_only,2026-09-01T05:56:51Z,https://vermeer.wd5.myworkdayjobs.com/externalcareersite/job/Pella-Iowa-USA---Corporate-Office/Embedded-Software-Engineer-Internship-Summer-2027_REQ-22165
workday:vermeer:/job/Pella-Iowa-USA---Corporate-Office/IT-Software-Engineer-Internship-Summer-2027_REQ-22178,Vermeer,IT Software Engineer Internship Summer 2027,Summer 2027,False,,Internship,,Software,"Pella, Iowa, USA - Corporate Office",unknown,,,C#; TypeScript; JavaScript; Azure,2026-09-01T00:00:00Z,date_only,2026-09-01T22:00:29Z,https://vermeer.wd5.myworkdayjobs.com/externalcareersite/job/Pella-Iowa-USA---Corporate-Office/IT-Software-Engineer-Internship-Summer-2027_REQ-22178
ashby:pluralis-research:c8f78978-a693-4863-bcc0-66af5c3fd0be,Pluralis Research,Research Scientist Intern,Not stated,True,,Internship,,Data & ML/AI,USA or Australia,unknown,,,PyTorch,2026-08-31T22:13:20.811+00:00,exact,2026-09-01T15:48:01Z,https://jobs.ashbyhq.com/pluralis-research/c8f78978-a693-4863-bcc0-66af5c3fd0be
greenhouse:awetomaton:5394046008,Awetomaton,Platform Engineering Intern,Summer 2027,False,,Internship,,Software,"Beavercreek, OH",citizens-only,,,Python; Java; AWS; GCP; Azure; Kubernetes; Docker; Terraform,2026-08-31T10:11:45-04:00,exact,2026-08-31T15:44:51Z,https://job-boards.greenhouse.io/awetomaton/jobs/5394046008
greenhouse:epicgames:6173862004,Epic Games,Frontend Programmer Intern,Not stated,True,,Internship,,Software,"Cary,North Carolina,United States",unknown,28,,TypeScript; JavaScript; React; Unreal,2026-08-31T15:08:30-04:00,exact,2026-08-31T21:22:18Z,https://epicgames.com/careers/jobs/6173862004?gh_jid=6173862004
greenhouse:hpiq:6111955004,HP IQ,"Software Engineer Intern, Cloud Services (Summer 2027)",Summer 2027,False,,Internship,,Software,"San Francisco, CA",unknown,,$45–$51/hr,Spring,2026-08-31T15:24:19-04:00,exact,2026-08-31T21:22:18Z,https://job-boards.greenhouse.io/hpiq/jobs/6111955004
greenhouse:hpiq:6114781004,HP IQ,"Software Engineering Intern, AML Platform (Summer 2027)",Summer 2027,False,,Internship,,Software,"San Francisco, CA",unknown,,$45–$51/hr,Python; PyTorch; TensorFlow,2026-08-31T15:21:18-04:00,exact,2026-08-31T21:22:18Z,https://job-boards.greenhouse.io/hpiq/jobs/6114781004
greenhouse:hpiq:6114890004,HP IQ,"Software Engineering Intern, Product & Developer Productivity  (Summer 2027)",Summer 2027,False,,Internship,,Software,"San Francisco, CA",unknown,,$45–$51/hr,LLMs,2026-08-31T15:24:03-04:00,exact,2026-08-31T21:22:18Z,https://job-boards.greenhouse.io/hpiq/jobs/6114890004
greenhouse:hpiq:6114912004,HP IQ,"Software Engineering Intern, Device Experiences (Summer 2027)",Summer 2027,False,,Internship,,Software,"San Francisco, CA",unknown,,$45–$51/hr,Java; C++,2026-08-31T15:21:36-04:00,exact,2026-08-31T21:22:18Z,https://job-boards.greenhouse.io/hpiq/jobs/6114912004
greenhouse:hpiq:6116398004,HP IQ,"Software Engineering Intern, Product Security (Summer 2027)",Summer 2027,False,,Internship,,Security,"San Francisco, CA",unknown,,$45–$51/hr,Python; Java; C++,2026-08-31T15:22:01-04:00,exact,2026-08-31T21:22:18Z,https://job-boards.greenhouse.io/hpiq/jobs/6116398004
greenhouse:hpiq:6140119004,HP IQ,"Software Engineering Intern, Software Systems (Summer 2027)",Summer 2027,False,,Internship,,Software,"San Francisco, CA",unknown,,$45–$51/hr,C++; Linux,2026-08-31T15:22:24-04:00,exact,2026-08-31T21:22:18Z,https://job-boards.greenhouse.io/hpiq/jobs/6140119004
greenhouse:integrainterns:5406101008,Integra FEC,(SPRING) Data Analyst Intern,Not stated,True,,Internship,,Data & ML/AI,"Austin, Texas",no-sponsorship,,,Python; SQL,2026-08-31T14:08:47-04:00,exact,2026-08-31T21:22:18Z,https://job-boards.greenhouse.io/integrainterns/jobs/5406101008
greenhouse:integrainterns:5406110008,Integra FEC,(SUMMER) Data Analyst Intern,Not stated,True,,Internship,,Data & ML/AI,"Austin, Texas",no-sponsorship,,,Python; SQL,2026-08-31T14:08:58-04:00,exact,2026-08-31T21:22:18Z,https://job-boards.greenhouse.io/integrainterns/jobs/5406110008
greenhouse:katalyst:6176711004,Katalyst Space Technologies,Engineering Intern (Electrical / Mechanical / GNC / Software),Not stated,True,,Internship,,Hardware,"Broomfield, Colorado, United States",unknown,,,Python; C++; MATLAB; Linux,2026-08-31T19:15:59-04:00,exact,2026-09-01T00:52:19Z,https://job-boards.greenhouse.io/katalyst/jobs/6176711004
greenhouse:olsson:5396116008,Olsson,Civil Engineering Internship - Federal Infrastructure Site Design,Summer 2027,False,,Internship,,Software,"North Kansas City, MO",unknown,2,,,2026-08-31T17:00:00-04:00,exact,2026-08-31T21:22:18Z,https://job-boards.greenhouse.io/olsson/jobs/5396116008
greenhouse:stripe:8128745,Stripe,"Software Engineer, Intern (Summer or Winter)",Not stated,True,,Internship,,Software,"San Francisco, Seattle, New York City",unknown,441,,Java; JavaScript; Scala; Ruby,2026-08-31T18:20:45-04:00,exact,2026-09-01T00:52:19Z,https://stripe.com/jobs/search?gh_jid=8128745
oracle:ehzq.fa.us2.oraclecloud.com:115639,Grant Thornton,Cybersecurity and Privacy Intern - Summer 2027,Summer 2027,False,,Internship,,Security,"Charlotte, NC, United States",no-sponsorship,118,,,2026-08-31,date_only,2026-08-31T15:44:51Z,https://ehzq.fa.us2.oraclecloud.com/hcmUI/CandidateExperience/en/sites/CX_1/job/115639
oracle:ehzq.fa.us2.oraclecloud.com:115704,Grant Thornton,"AI, Data & Technology Intern - Summer 2027",Summer 2027,False,,Internship,,Data & ML/AI,"Charlotte, NC, United States",no-sponsorship,118,,,2026-08-31,date_only,2026-08-31T15:44:51Z,https://ehzq.fa.us2.oraclecloud.com/hcmUI/CandidateExperience/en/sites/CX_1/job/115704
oracle:ehzq.fa.us2.oraclecloud.com:115733,Grant Thornton,"AI, Data & Technology Intern - Summer 2027",Summer 2027,False,,Internship,,Data & ML/AI,"Dallas, TX, United States",no-sponsorship,118,,,2026-08-31,date_only,2026-08-31T21:22:18Z,https://ehzq.fa.us2.oraclecloud.com/hcmUI/CandidateExperience/en/sites/CX_1/job/115733
oracle:ehzq.fa.us2.oraclecloud.com:115750,Grant Thornton,"AI, Data & Technology Intern - Summer 2027",Summer 2027,False,,Internship,,Data & ML/AI,"Minneapolis, MN, United States",no-sponsorship,118,$37/hr,,2026-08-31,date_only,2026-08-31T21:22:18Z,https://ehzq.fa.us2.oraclecloud.com/hcmUI/CandidateExperience/en/sites/CX_1/job/115750
workable:talentpluto:6F93C25627,Talentpluto,AI/ML Engineering Intern,Not stated,True,,Internship,yes,Data & ML/AI,United States (Remote),unknown,,$35–$50/hr,Python; TypeScript; JavaScript; LLMs,2026-08-31T00:00:00.000Z,date_only,2026-09-02T04:47:33Z,https://apply.workable.com/talentpluto/j/6F93C25627/
workable:talentpluto:CCC60EBB0C,Talentpluto,Backend Engineering Intern,Not stated,True,,Internship,yes,Software,United States (Remote),unknown,,$35–$50/hr,Python; TypeScript; JavaScript,2026-08-31T00:00:00.000Z,date_only,2026-09-02T04:47:33Z,https://apply.workable.com/talentpluto/j/CCC60EBB0C/
workday:brunswick:/job/Fond-du-Lac-WI/Mercury-Marine--Software-Controls-Engineering-Intern_JR-051436,Brunswick,Mercury Marine: Software Controls Engineering Intern,Not stated,True,,Internship,,Software,"Fond du Lac, WI",unknown,54,$18–$27.5/hr,MATLAB,2026-08-31T00:00:00Z,date_only,2026-09-01T11:51:48Z,https://brunswick.wd1.myworkdayjobs.com/search/job/Fond-du-Lac-WI/Mercury-Marine--Software-Controls-Engineering-Intern_JR-051436
workday:caci:/job/Danbury-CT-US/Software-Engineering-Co-op---Spring---Summer-2027_331356-1,CACI,Software Engineering Co-op - Spring & Summer 2027,Summer 2027,False,,Co-op,,Software,"Danbury, CT, US",unknown,,,Python; Java; C++; C#; MATLAB,2026-08-31T00:00:00Z,date_only,2026-09-01T19:05:53Z,https://caci.wd1.myworkdayjobs.com/external/job/Danbury-CT-US/Software-Engineering-Co-op---Spring---Summer-2027_331356-1
workday:caci:/job/Danbury-CT-US/Software-Engineering-Co-op---Summer---Fall-2027_331354,CACI,Software Engineering Co-op - Summer & Fall 2027,Summer 2027,False,,Co-op,,Software,"Danbury, CT, US",unknown,,,Python; Java; C++; C#; MATLAB,2026-08-31T00:00:00Z,date_only,2026-09-01T19:05:53Z,https://caci.wd1.myworkdayjobs.com/external/job/Danbury-CT-US/Software-Engineering-Co-op---Summer---Fall-2027_331354
workday:caci:/job/Sarasota-FL-US/Software-Engineering-Intern---Summer-2027_331359,CACI,Software Engineering Intern – Summer 2027,Summer 2027,False,,Internship,,Software,"Sarasota, FL, US",unknown,,,,2026-08-31T00:00:00Z,date_only,2026-09-01T19:05:53Z,https://caci.wd1.myworkdayjobs.com/external/job/Sarasota-FL-US/Software-Engineering-Intern---Summer-2027_331359
workday:copart:/job/Dallas-TX---Headquarters/AI-Engineer-Intern_JR110948,Copart,AI Engineer Intern,Not stated,True,,Internship,,Data & ML/AI,"Dallas, TX - Headquarters",unknown,83,,Python; Java; SQL; PyTorch; TensorFlow; scikit-learn; Pandas; LLMs,2026-08-31T00:00:00Z,date_only,2026-08-31T21:22:18Z,https://copart.wd12.myworkdayjobs.com/copart/job/Dallas-TX---Headquarters/AI-Engineer-Intern_JR110948
workday:draftkings:/job/Boston-MA/Software-Engineer-Intern--Summer-2027-_JR14928,DraftKings,Software Engineer Intern (Summer 2027),Summer 2027,False,,Internship,,Software,"Boston, MA",unknown,52,,Java; C#; TypeScript; Git,2026-08-31T00:00:00Z,date_only,2026-08-31T15:44:51Z,https://draftkings.wd1.myworkdayjobs.com/Campus_Career_Portal/job/Boston-MA/Software-Engineer-Intern--Summer-2027-_JR14928
workday:draftkings:/job/Boston-MA/Software-Engineer-Intern--Summer-2027-_JR14929,DraftKings,Software Engineer Intern (Summer 2027),Summer 2027,False,,Internship,,Software,"Boston, MA",unknown,52,,Java; C#; TypeScript; Git,2026-08-31T00:00:00Z,date_only,2026-08-31T21:22:18Z,https://draftkings.wd1.myworkdayjobs.com/Campus_Career_Portal/job/Boston-MA/Software-Engineer-Intern--Summer-2027-_JR14929
workday:hcmportal:/job/US---UPS-TECHNOLOGY-HEADQUARTERS--DATACENTER-NJRAR/UPS-Information-Security-Summer-2027-Internship---NJ_R26029761,United Parcel Service (UPS),UPS Information Security Summer 2027 Internship - NJ,Summer 2027,False,,Internship,,Security,US - UPS TECHNOLOGY HEADQUARTERS & DATACENTER (NJRAR),citizens-only,,$13.35/hr,Python; Java; C++; SQL; HTML/CSS; Azure; Linux,2026-08-31T00:00:00Z,date_only,2026-08-31T21:22:18Z,https://hcmportal.wd5.myworkdayjobs.com/Search/job/US---UPS-TECHNOLOGY-HEADQUARTERS--DATACENTER-NJRAR/UPS-Information-Security-Summer-2027-Internship---NJ_R26029761
workday:igsenergy:/job/Ohio-Remote/Software-Engineer-Intern_R6263,IGS Energy,Software Engineer Intern,Not stated,True,,Internship,yes,Software,Ohio Remote,no-sponsorship,,,,2026-08-31T00:00:00Z,date_only,2026-08-31T15:44:51Z,https://igsenergy.wd1.myworkdayjobs.com/IGS/job/Ohio-Remote/Software-Engineer-Intern_R6263
workday:intel:/job/US-Oregon-Hillsboro/AI-Solutions-Engineering-Graduate-Intern_JR0286546,Intel,AI Solutions Engineering Graduate Intern,Not stated,True,,Internship,,Data & ML/AI,"US, Oregon, Hillsboro",unknown,4758,,Python; C++; PyTorch; TensorFlow,2026-08-31T00:00:00Z,date_only,2026-08-31T15:44:51Z,https://intel.wd1.myworkdayjobs.com/external/job/US-Oregon-Hillsboro/AI-Solutions-Engineering-Graduate-Intern_JR0286546
workday:marmon:/job/Sauget-IL/AI-Intern_JR0000045510,Marmon Holdings,AI Intern,Not stated,True,,Internship,,Data & ML/AI,"Sauget, IL",unknown,,$20–$22/hr,,2026-08-31T00:00:00Z,date_only,2026-08-31T21:22:18Z,https://marmon.wd501.myworkdayjobs.com/Marmon_Careers/job/Sauget-IL/AI-Intern_JR0000045510
workday:mastercard:/job/OFallon-Missouri/Data-Scientist-Intern--Summer-2027---St-Louis--MO--US_R-284879,Mastercard,"Data Scientist Intern, Summer 2027 – St. Louis, MO, US",Summer 2027,False,,Internship,,Data & ML/AI,"O'Fallon, Missouri",unknown,,$27–$34/hr,AWS; Databricks,2026-08-31T00:00:00Z,date_only,2026-08-31T21:22:18Z,https://mastercard.wd1.myworkdayjobs.com/Campus/job/OFallon-Missouri/Data-Scientist-Intern--Summer-2027---St-Louis--MO--US_R-284879
workday:mastercard:/job/OFallon-Missouri/Platform-Engineering-Intern--Summer-2027---St-Louis--MO--US_R-284875,Mastercard,"Platform Engineering Intern, Summer 2027 – St. Louis, MO, US",Summer 2027,False,,Internship,,Software,"O'Fallon, Missouri",unknown,,$25–$30/hr,Python; Terraform; Linux; Git,2026-08-31T00:00:00Z,date_only,2026-08-31T21:22:18Z,https://mastercard.wd1.myworkdayjobs.com/Campus/job/OFallon-Missouri/Platform-Engineering-Intern--Summer-2027---St-Louis--MO--US_R-284875
workday:micron:/job/Austin-TX/Intern---AI-Systems-and-Infrastructure-Engineering_JR109990,Micron Technology,Intern - AI Systems and Infrastructure Engineering,Not stated,True,,Internship,,Data & ML/AI,"Austin, TX",unknown,489,,Python; C++; PyTorch; LLMs; CUDA; Linux,2026-08-31T00:00:00Z,date_only,2026-08-31T21:22:18Z,https://micron.wd1.myworkdayjobs.com/External/job/Austin-TX/Intern---AI-Systems-and-Infrastructure-Engineering_JR109990
workday:nebraskablue:/job/Omaha-NE/Cyber-Intern--Summer-2027_JR101407,BlueCross BlueShield of Nebraska,Cyber Intern: Summer 2027,Summer 2027,False,,Internship,,Security,"Omaha, NE",unknown,,,Azure,2026-08-31T00:00:00Z,date_only,2026-09-01T15:48:01Z,https://nebraskablue.wd1.myworkdayjobs.com/BCBSNE/job/Omaha-NE/Cyber-Intern--Summer-2027_JR101407
workday:nebraskablue:/job/Omaha-NE/IS-Intern--Summer-2027_JR101411,BlueCross BlueShield of Nebraska,IS Intern: AI & Automation (Managed Services) Summer 2027,Summer 2027,False,,Internship,,Data & ML/AI,"Omaha, NE",unknown,,,Python; SQL; Bash; Azure,2026-08-31T00:00:00Z,date_only,2026-09-01T15:48:01Z,https://nebraskablue.wd1.myworkdayjobs.com/BCBSNE/job/Omaha-NE/IS-Intern--Summer-2027_JR101411
workday:nike:/job/Beaverton-Oregon/NIKE--Inc-Artificial-Intelligence--Data----Machine-Learning-Engineering-Undergraduate-Internship_R-91110,Nike,"NIKE, Inc. Artificial Intelligence, Data, & Machine Learning Engineering Undergraduate Internship",Not stated,True,,Internship,,Data & ML/AI,"Beaverton, Oregon",unknown,484,,Python; SQL; LLMs; Computer Vision; AWS; Databricks; Tableau,2026-08-31T00:00:00Z,date_only,2026-08-31T21:22:18Z,https://nike.wd1.myworkdayjobs.com/nke/job/Beaverton-Oregon/NIKE--Inc-Artificial-Intelligence--Data----Machine-Learning-Engineering-Undergraduate-Internship_R-91110
workday:nike:/job/Beaverton-Oregon/NIKE--Inc-Software-Engineering-Undergraduate-Internship_R-91111,Nike,"NIKE, Inc. Software Engineering Undergraduate Internship",Not stated,True,,Internship,,Software,"Beaverton, Oregon",unknown,484,,Python; Java; C#; JavaScript; Swift; React; Node.js; AWS,2026-08-31T00:00:00Z,date_only,2026-08-31T21:22:18Z,https://nike.wd1.myworkdayjobs.com/nke/job/Beaverton-Oregon/NIKE--Inc-Software-Engineering-Undergraduate-Internship_R-91111
workday:oshkoshcorporation:/job/Dodge-Center-Minnesota-United-States/Engineer-Intern---Software--Summer-2026-_R49786,Oshkosh,Engineer Intern - Software (Summer 2027),Summer 2027,False,,Internship,,Software,"Dodge Center, Minnesota, United States",unknown,2,,C++,2026-08-31T00:00:00Z,date_only,2026-08-31T21:22:18Z,https://oshkoshcorporation.wd5.myworkdayjobs.com/Oshkosh/job/Dodge-Center-Minnesota-United-States/Engineer-Intern---Software--Summer-2026-_R49786
workday:stryker:/job/Fort-Lauderdale-Florida/Summer-2027-Internship---Software-Engineering---Florida_R572629-1,Stryker,Summer 2027 Internship - Software Engineering - Florida,Summer 2027,False,,Internship,,Software,"Fort Lauderdale, Florida",unknown,104,,,2026-08-31T00:00:00Z,date_only,2026-08-31T07:53:34Z,https://stryker.wd1.myworkdayjobs.com/StrykerCareers/job/Fort-Lauderdale-Florida/Summer-2027-Internship---Software-Engineering---Florida_R572629-1
workday:stryker:/job/Fort-Wayne-Indiana/Summer-2027-Internship---Software-Engineering---Indiana_R572631,Stryker,Summer 2027 Internship - Software Engineering - Indiana,Summer 2027,False,,Internship,,Software,"Fort Wayne, Indiana",unknown,104,,,2026-08-31T00:00:00Z,date_only,2026-08-31T07:53:34Z,https://stryker.wd1.myworkdayjobs.com/StrykerCareers/job/Fort-Wayne-Indiana/Summer-2027-Internship---Software-Engineering---Indiana_R572631
workday:stryker:/job/Portage-Michigan/Summer-2027-Internship---Software-Engineering---Michigan_R572632-1,Stryker,Summer 2027 Internship - Software Engineering - Michigan,Summer 2027,False,,Internship,,Software,"Portage, Michigan",unknown,104,,,2026-08-31T00:00:00Z,date_only,2026-08-31T07:53:34Z,https://stryker.wd1.myworkdayjobs.com/StrykerCareers/job/Portage-Michigan/Summer-2027-Internship---Software-Engineering---Michigan_R572632-1
workday:equifax:/job/USA---Missouri---St-Louis---Lackland/Site-Reliability-Engineer-Intern_J00178674,Equifax,Site Reliability Engineer Intern,Summer 2027,False,,Internship,,Software,USA - Missouri - St. Louis - Lackland,unknown,378,,Python; Java; GCP,2026-08-30T00:00:00Z,date_only,2026-08-30T22:56:49Z,https://equifax.wd5.myworkdayjobs.com/UR_External/job/USA---Missouri---St-Louis---Lackland/Site-Reliability-Engineer-Intern_J00178674
ashby:northwoodspace:ce3d4b73-461e-4128-a6f1-f933897e8119,Northwood Space,Software Engineering Intern (2027 Summer Internship),Summer 2027,False,,Internship,,Software,"Torrance, CA",citizens-only,,$36 per hour,C++; Go; Rust; AWS; GCP; Azure; Docker; Terraform,2026-08-29T00:55:33.893+00:00,exact,2026-08-29T04:09:44Z,https://jobs.ashbyhq.com/northwoodspace/ce3d4b73-461e-4128-a6f1-f933897e8119
ashby:northwoodspace:d0cca9dd-ea90-4c3b-94b4-17761932d11c,Northwood Space,Embedded Software Engineering Intern (2027 Summer Internship),Summer 2027,False,,Internship,,Software,"Torrance, CA",citizens-only,,$36 per hour,Python; C++; Rust; Linux; Git,2026-08-29T00:53:33.839+00:00,exact,2026-08-29T04:09:44Z,https://jobs.ashbyhq.com/northwoodspace/d0cca9dd-ea90-4c3b-94b4-17761932d11c
greenhouse:charlesriverassociates:8128811,Charles River Associates (CRA),(2028 Bachelor's/Master's graduates) Cyber and Forensic Technology Consulting Analyst/Associate Intern (Summer 2027),Summer 2027,False,,Internship,,Security,"Boston, MA, United States; Chicago, IL, United States; Dallas, Texas, United States; Washington, DC, United States",unknown,,$30–$37.5/hr,Python; C#; SQL,2026-08-28T11:19:51-04:00,exact,2026-08-28T22:53:36Z,https://job-boards.greenhouse.io/charlesriverassociates/jobs/8128811
greenhouse:xairatherapeutics:5225658007,Xaira Therapeutics,"AI Scientist Intern, Computational Protein Design",Not stated,True,,Internship,,Data & ML/AI,"Seattle, Washington, United States; South San Francisco, California, United States",unknown,,,PyTorch; LLMs,2026-08-28T17:52:45-04:00,exact,2026-08-28T22:53:36Z,https://job-boards.greenhouse.io/xairatherapeutics/jobs/5225658007
oracle:ehzq.fa.us2.oraclecloud.com:115687,Grant Thornton,"AI, Data & Technology Intern - Summer 2027",Summer 2027,False,,Internship,,Data & ML/AI,"Philadelphia, PA, United States",no-sponsorship,118,,,2026-08-28,date_only,2026-08-28T22:53:36Z,https://ehzq.fa.us2.oraclecloud.com/hcmUI/CandidateExperience/en/sites/CX_1/job/115687
oracle:hdhl.fa.us6.oraclecloud.com:1007361,Stantec,Roadway Design Intern - Infrastructure (Summer 2027),Summer 2027,False,,Internship,,Software,"Raleigh, NC, United States",unknown,,,,2026-08-28,date_only,2026-08-28T22:53:36Z,https://hdhl.fa.us6.oraclecloud.com/hcmUI/CandidateExperience/en/sites/CX_1/job/1007361
workable:talentpluto:D3050663DF,Talentpluto,Full Stack Engineering Intern,Not stated,True,,Internship,,Software,"New York, New York, United States",unknown,,$35–$50/hr,TypeScript; JavaScript; React; Next.js,2026-08-28T00:00:00.000Z,date_only,2026-09-02T04:47:33Z,https://apply.workable.com/talentpluto/j/D3050663DF/
workday:analogdevices:/job/US-MA-Wilmington/AI-ML-Engineer-Intern_R265579,Analog Devices,AI/ML Engineer Intern,Not stated,True,,Internship,,Data & ML/AI,"US, MA, Wilmington",unknown,181,,Python; C++; PyTorch; TensorFlow; Computer Vision; CUDA,2026-08-28T00:00:00Z,date_only,2026-08-28T22:53:36Z,https://analogdevices.wd1.myworkdayjobs.com/External/job/US-MA-Wilmington/AI-ML-Engineer-Intern_R265579
workday:bah:/job/Atlanta-GA/University---2027-Summer-Games-Cyber-Security-Intern---Atlanta--GA_R0248139,Booz Allen,"University - 2027 Summer Games Cyber Security Intern - Atlanta, GA",Summer 2027,False,,Internship,,Security,"Atlanta, GA",citizens-only,,$108k/yr,Linux,2026-08-28T00:00:00Z,date_only,2026-08-28T22:53:36Z,https://bah.wd1.myworkdayjobs.com/bah_jobs/job/Atlanta-GA/University---2027-Summer-Games-Cyber-Security-Intern---Atlanta--GA_R0248139
workday:bah:/job/Atlanta-GA/University---2027-Summer-Games-Software-Developer-Intern---Atlanta--GA_R0248138,Booz Allen,"University - 2027 Summer Games Software Developer Intern - Atlanta, GA",Summer 2027,False,,Internship,,Software,"Atlanta, GA",citizens-only,,$108k/yr,Python; Java; C++; JavaScript; Bash,2026-08-28T00:00:00Z,date_only,2026-08-28T22:53:36Z,https://bah.wd1.myworkdayjobs.com/bah_jobs/job/Atlanta-GA/University---2027-Summer-Games-Software-Developer-Intern---Atlanta--GA_R0248138
workday:bah:/job/Atlanta-GA/University--2027-Summer-Games-Data-Scientist-Intern_R0248140,Booz Allen,"University, 2027 Summer Games Data Scientist Intern",Summer 2027,False,,Internship,,Data & ML/AI,"Atlanta, GA",citizens-only,,$141k/yr,,2026-08-28T00:00:00Z,date_only,2026-08-28T22:53:36Z,https://bah.wd1.myworkdayjobs.com/bah_jobs/job/Atlanta-GA/University--2027-Summer-Games-Data-Scientist-Intern_R0248140
workday:bah:/job/Charleston-SC/University---2027-Summer-Games-Cyber-Security-Intern---Charleston--SC_R0248136,Booz Allen,"University - 2027 Summer Games Cyber Security Intern - Charleston, SC",Summer 2027,False,,Internship,,Security,"Charleston, SC",citizens-only,,$108k/yr,Linux,2026-08-28T00:00:00Z,date_only,2026-08-28T22:53:36Z,https://bah.wd1.myworkdayjobs.com/bah_jobs/job/Charleston-SC/University---2027-Summer-Games-Cyber-Security-Intern---Charleston--SC_R0248136
workday:bah:/job/Charleston-SC/University---2027-Summer-Games-Data-Scientist-Intern_R0248137,Booz Allen,University - 2027 Summer Games Data Scientist Intern,Summer 2027,False,,Internship,,Data & ML/AI,"Charleston, SC",citizens-only,,$141k/yr,,2026-08-28T00:00:00Z,date_only,2026-08-28T22:53:36Z,https://bah.wd1.myworkdayjobs.com/bah_jobs/job/Charleston-SC/University---2027-Summer-Games-Data-Scientist-Intern_R0248137
workday:bah:/job/Charleston-SC/University---2027-Summer-Games-Software-Developer-Intern_R0248134,Booz Allen,University - 2027 Summer Games Software Developer Intern,Summer 2027,False,,Internship,,Software,"Charleston, SC",citizens-only,,$108k/yr,Python; Java; C++; JavaScript; Bash,2026-08-28T00:00:00Z,date_only,2026-08-28T22:53:36Z,https://bah.wd1.myworkdayjobs.com/bah_jobs/job/Charleston-SC/University---2027-Summer-Games-Software-Developer-Intern_R0248134
workday:bah:/job/Colorado-Springs-CO/University--2027-Summer-Games-Cybersecurity-Intern_R0248131,Booz Allen,"University, 2027 Summer Games Cyber Security Intern",Summer 2027,False,,Internship,,Security,"Colorado Springs, CO",citizens-only,,$108k/yr,Linux,2026-08-28T00:00:00Z,date_only,2026-08-28T22:53:36Z,https://bah.wd1.myworkdayjobs.com/bah_jobs/job/Colorado-Springs-CO/University--2027-Summer-Games-Cybersecurity-Intern_R0248131
workday:bah:/job/Colorado-Springs-CO/University--2027-Summer-Games-Data-Scientist-Intern_R0248132,Booz Allen,"University, 2027 Summer Games Data Scientist Intern",Summer 2027,False,,Internship,,Data & ML/AI,"Colorado Springs, CO",citizens-only,,$141k/yr,,2026-08-28T00:00:00Z,date_only,2026-08-28T22:53:36Z,https://bah.wd1.myworkdayjobs.com/bah_jobs/job/Colorado-Springs-CO/University--2027-Summer-Games-Data-Scientist-Intern_R0248132
workday:bah:/job/Colorado-Springs-CO/University--2027-Summer-Games-Software-Developer-Intern_R0248130,Booz Allen,"University, 2027 Summer Games Software Developer Intern",Summer 2027,False,,Internship,,Software,"Colorado Springs, CO",citizens-only,,$108k/yr,Python; Java; C++; JavaScript; Bash,2026-08-28T00:00:00Z,date_only,2026-08-28T22:53:36Z,https://bah.wd1.myworkdayjobs.com/bah_jobs/job/Colorado-Springs-CO/University--2027-Summer-Games-Software-Developer-Intern_R0248130
workday:bah:/job/McLean-VA/University---Summer-27--Cybersecurity-Analyst-Intern_R0248214,Booz Allen,"University – Summer 27, Cybersecurity Analyst Intern",Not stated,True,,Internship,,Security,"McLean, VA",citizens-only,,$108k/yr,Python; Java; C++; JavaScript; Bash,2026-08-28T00:00:00Z,date_only,2026-08-28T22:53:36Z,https://bah.wd1.myworkdayjobs.com/bah_jobs/job/McLean-VA/University---Summer-27--Cybersecurity-Analyst-Intern_R0248214
workday:bah:/job/Rome-NY/University--2027-Summer-Games-Cyber-Security-Intern_R0248142,Booz Allen,"University, 2027 Summer Games Cyber Security Intern",Summer 2027,False,,Internship,,Security,"Rome, NY",citizens-only,,$108k/yr,Linux,2026-08-28T00:00:00Z,date_only,2026-08-28T22:53:36Z,https://bah.wd1.myworkdayjobs.com/bah_jobs/job/Rome-NY/University--2027-Summer-Games-Cyber-Security-Intern_R0248142
workday:bah:/job/Rome-NY/University--2027-Summer-Games-Data-Scientist-Intern_R0248143,Booz Allen,"University, 2027 Summer Games Data Scientist Intern",Summer 2027,False,,Internship,,Data & ML/AI,"Rome, NY",citizens-only,,$141k/yr,,2026-08-28T00:00:00Z,date_only,2026-08-28T22:53:36Z,https://bah.wd1.myworkdayjobs.com/bah_jobs/job/Rome-NY/University--2027-Summer-Games-Data-Scientist-Intern_R0248143
workday:bah:/job/Rome-NY/University--2027-Summer-Games-Software-Developer-Intern_R0248141,Booz Allen,"University, 2027 Summer Games Software Developer Intern",Summer 2027,False,,Internship,,Software,"Rome, NY",citizens-only,,$108k/yr,Python; Java; C++; JavaScript; Bash,2026-08-28T00:00:00Z,date_only,2026-08-28T22:53:36Z,https://bah.wd1.myworkdayjobs.com/bah_jobs/job/Rome-NY/University--2027-Summer-Games-Software-Developer-Intern_R0248141
workday:bah:/job/San-Diego-CA/AI-Software-Developer-Intern_R0248115,Booz Allen,AI Software Developer Intern,Not stated,True,,Internship,,Data & ML/AI,"San Diego, CA",citizens-only,,$141k/yr,Python; PyTorch; TensorFlow; scikit-learn; LLMs; AWS; GCP; Azure,2026-08-28T00:00:00Z,date_only,2026-08-28T22:53:36Z,https://bah.wd1.myworkdayjobs.com/bah_jobs/job/San-Diego-CA/AI-Software-Developer-Intern_R0248115
workday:brunswick:/job/Menomonee-Falls-WI/Software-Engineer-Intern_JR-051426-1,Brunswick,Software Engineer Intern,Not stated,True,,Internship,,Software,"Menomonee Falls, WI",no-sponsorship,54,$18–$27/hr,Python; JavaScript; SQL,2026-08-28T00:00:00Z,date_only,2026-08-28T22:53:36Z,https://brunswick.wd1.myworkdayjobs.com/search/job/Menomonee-Falls-WI/Software-Engineer-Intern_JR-051426-1
workday:conagrabrands:/job/Omaha-Nebraska/Cybersecurity-Internship---Summer-2027_Req-039965,Conagra Brands,Cybersecurity Internship - Summer 2027,Summer 2027,False,,Internship,,Security,"Omaha, Nebraska",unknown,14,$23/hr,,2026-08-28T00:00:00Z,date_only,2026-08-28T22:53:36Z,https://conagrabrands.wd1.myworkdayjobs.com/Careers_US/job/Omaha-Nebraska/Cybersecurity-Internship---Summer-2027_Req-039965
workday:hp:/job/Corvallis-Oregon-United-States-of-America/Software-and-Engineering-Intern-Roles---Imaging-and-Print_3168142-1,Hewlett Packard (HP),Software and Engineering Intern Roles - Imaging and Print,Summer 2027,False,,Internship,,Software,"Corvallis, Oregon, United States of America",no-sponsorship,,$29–$35/hr,Python; Java; C++; C#; JavaScript; SQL; MATLAB; Git,2026-08-28T00:00:00Z,date_only,2026-08-28T22:53:36Z,https://hp.wd5.myworkdayjobs.com/ExternalCareerSite/job/Corvallis-Oregon-United-States-of-America/Software-and-Engineering-Intern-Roles---Imaging-and-Print_3168142-1
workday:leidos:/job/San-Diego-CA/Data-Science-Intern_R-00190740,Leidos,Data Science Intern,Not stated,True,,Internship,,Data & ML/AI,"San Diego, CA",citizens-only,79,,Python,2026-08-28T00:00:00Z,date_only,2026-08-28T22:53:36Z,https://leidos.wd5.myworkdayjobs.com/External/job/San-Diego-CA/Data-Science-Intern_R-00190740
workday:mastercard:/job/OFallon-Missouri/Data-Scientist-Intern--Summer-2027---St-Louis--MO--US_R-284869,Mastercard,"Data Scientist Intern, Summer 2027 – St. Louis, MO, US",Summer 2027,False,,Internship,,Data & ML/AI,"O'Fallon, Missouri",unknown,,,,2026-08-28T00:00:00Z,date_only,2026-08-28T22:53:36Z,https://mastercard.wd1.myworkdayjobs.com/Campus/job/OFallon-Missouri/Data-Scientist-Intern--Summer-2027---St-Louis--MO--US_R-284869
workday:philips:/job/Plymouth-Minnesota-United-States/Intern---Data-AI-ML-Engineering---Plymouth--MN---Summer-2027_590404,Philips,"Intern – Data AI/ML Engineering – Plymouth, MN – Summer 2027",Summer 2027,False,,Internship,,Data & ML/AI,"Plymouth, Minnesota, United States",unknown,,,Azure; Git,2026-08-28T00:00:00Z,date_only,2026-08-29T04:09:44Z,https://philips.wd3.myworkdayjobs.com/jobs-and-careers/job/Plymouth-Minnesota-United-States/Intern---Data-AI-ML-Engineering---Plymouth--MN---Summer-2027_590404
workday:tiaa:/job/New-York-NY-USA/Churchill-Summer-Internship--Investment-Infrastructure---Technology--IIT-_R260800515-1,TIAA,Churchill Summer Internship: Investment Infrastructure & Technology (IIT),Not stated,True,,Internship,,Software,"New York, NY, USA",unknown,,$30/hr,Python; SQL; Git,2026-08-28T00:00:00Z,date_only,2026-08-28T22:53:36Z,https://tiaa.wd1.myworkdayjobs.com/Search/job/New-York-NY-USA/Churchill-Summer-Internship--Investment-Infrastructure---Technology--IIT-_R260800515-1
workday:workiva:/job/USA---Remote/Summer-2027-Intern---Software-Engineering_R12190,Workiva,Summer 2027 Intern - Software Engineering,Summer 2027,False,,Internship,yes,Software,USA - Remote,unknown,3,,Python; Java; C++; C#; TypeScript; JavaScript; SQL; React,2026-08-28T00:00:00Z,date_only,2026-08-29T15:52:02Z,https://workiva.wd503.myworkdayjobs.com/careers/job/USA---Remote/Summer-2027-Intern---Software-Engineering_R12190
amazon:amazon:10517149,Amazon,Robotics - Software Development Engineer Fall Intern/Co-op - 2026,Fall 2026,False,,Internship / Co-op,,Hardware,"Westboro, Massachusetts, USA",unknown,23139,,Python; Java; C++; C#; Rust; TypeScript; SQL; LLMs,2026-08-27T00:00:00Z,date_only,2026-08-28T00:39:24Z,https://www.amazon.jobs/en/jobs/10517149/robotics-software-development-engineer-fall-intern-co-op-2026
amazon:amazon:10517567,Amazon,"Software Development Engineer Intern, Annapurna Labs - 2027",Summer 2027,False,,Internship,,Software,"Cupertino, California, USA",unknown,23139,,Python; Java; C++; PyTorch; TensorFlow; Linux,2026-08-27T00:00:00Z,date_only,2026-08-28T00:39:24Z,https://www.amazon.jobs/en/jobs/10517567/software-development-engineer-intern-annapurna-labs-2027
lever:anavationllc:f7c83978-8510-409c-a5a3-17618511f819,AnaVation,Computer Science Internship Summer 2027,Summer 2027,False,,Internship,,Software,"Huntsville, AL",citizens-only,,,Python; Java; Node.js; AWS; GCP; Azure; Git,2026-08-27T22:40:57Z,exact,2026-08-28T22:53:36Z,https://jobs.lever.co/anavationllc/f7c83978-8510-409c-a5a3-17618511f819
oracle:ehzq.fa.us2.oraclecloud.com:115640,Grant Thornton,Cybersecurity and Privacy Intern - Summer 2027,Summer 2027,False,,Internship,,Security,"Chicago, IL, United States",no-sponsorship,118,$37/hr,,2026-08-27,date_only,2026-08-27T14:52:42Z,https://ehzq.fa.us2.oraclecloud.com/hcmUI/CandidateExperience/en/sites/CX_1/job/115640
oracle:ehzq.fa.us2.oraclecloud.com:115681,Grant Thornton,"AI, Data & Technology Intern - Summer 2027",Summer 2027,False,,Internship,,Data & ML/AI,"Chicago, IL, United States",no-sponsorship,118,$37/hr,,2026-08-27,date_only,2026-08-27T14:52:42Z,https://ehzq.fa.us2.oraclecloud.com/hcmUI/CandidateExperience/en/sites/CX_1/job/115681
smartrecruiters:AbbVie:3743990014896329,AbbVie,2027 Business Technology Solutions Intern - Cybersecurity (Undergraduate),Summer 2027,False,,Internship,,Security,"North Chicago, IL, United States (Hybrid)",unknown,303,,Python; Java; C#; JavaScript; HTML/CSS; AWS; GCP; Azure,2026-08-27T16:13:39.930Z,exact,2026-08-28T00:39:24Z,https://jobs.smartrecruiters.com/AbbVie/3743990014896329
smartrecruiters:AbbVie:3743990014900496,AbbVie,2027 Business Technology Solutions Intern - Cybersecurity (Undergraduate),Summer 2027,False,,Internship,,Security,"Irvine, CA, United States (Hybrid)",unknown,303,,Python; Java; C#; JavaScript; HTML/CSS; AWS; GCP; Azure,2026-08-27T17:33:14.955Z,exact,2026-08-28T00:39:24Z,https://jobs.smartrecruiters.com/AbbVie/3743990014900496
smartrecruiters:AbbVie:3743990014900536,AbbVie,2027 Business Technology Solutions Intern - Cybersecurity (Undergraduate),Summer 2027,False,,Internship,,Security,"South San Francisco, CA, United States (Hybrid)",unknown,303,,Python; Java; C#; JavaScript; HTML/CSS; AWS; GCP; Azure,2026-08-27T17:33:44.657Z,exact,2026-08-28T00:39:24Z,https://jobs.smartrecruiters.com/AbbVie/3743990014900536
workday:abb:/job/Milpitas-California-USA/AI-Robotics-UI-UX-Intern--Fall-2026_JR00044847-1,ABB,AI Robotics UI/UX Intern- Fall 2026,Fall 2026,False,,Internship,,Data & ML/AI,"Milpitas, California, USA",unknown,69,$20–$34/hr,TypeScript; JavaScript; React; Angular; HTML/CSS; .NET; Git,2026-08-27T00:00:00Z,date_only,2026-08-28T00:39:24Z,https://abb.wd3.myworkdayjobs.com/external_career_page/job/Milpitas-California-USA/AI-Robotics-UI-UX-Intern--Fall-2026_JR00044847-1
workday:abb:/job/Milpitas-California-USA/Physical-AI-Robotics-Simulation-Intern--Fall-2026_JR00044848-1,ABB,Physical AI Robotics Simulation Intern- Fall 2026,Fall 2026,False,,Internship,,Data & ML/AI,"Milpitas, California, USA",unknown,69,$20–$34/hr,,2026-08-27T00:00:00Z,date_only,2026-08-28T00:39:24Z,https://abb.wd3.myworkdayjobs.com/external_career_page/job/Milpitas-California-USA/Physical-AI-Robotics-Simulation-Intern--Fall-2026_JR00044848-1
workday:airproducts:/job/Allentown-Pennsylvania/Summer-Intern--IT---Cyber-Audit--2027-_JR-2026-21954,Air Products,Summer Intern- IT & Cyber Audit (2027),Summer 2027,False,,Internship,,Security,"Allentown, Pennsylvania",unknown,,,,2026-08-27T00:00:00Z,date_only,2026-08-28T00:39:24Z,https://airproducts.wd5.myworkdayjobs.com/AP0001/job/Allentown-Pennsylvania/Summer-Intern--IT---Cyber-Audit--2027-_JR-2026-21954
workday:ambarella:/job/US-Headquarters/Software-Architecture-Engineer-Intern_JR100365,Ambarella,Software Architecture Engineer Intern,Not stated,True,,Internship,,Software,US Headquarters,unknown,26,,Python; C++; TensorFlow; Computer Vision,2026-08-27T00:00:00Z,date_only,2026-08-27T14:52:42Z,https://ambarella.wd108.myworkdayjobs.com/ambarella/job/US-Headquarters/Software-Architecture-Engineer-Intern_JR100365
workday:ambarella:/job/US-Headquarters/Software-Development-Engineer-Intern_JR100366-1,Ambarella,Software Development Engineer Intern,Not stated,True,,Internship,,Software,US Headquarters,unknown,26,,Python; C++; Computer Vision,2026-08-27T00:00:00Z,date_only,2026-08-27T14:52:42Z,https://ambarella.wd108.myworkdayjobs.com/ambarella/job/US-Headquarters/Software-Development-Engineer-Intern_JR100366-1
workday:ambarella:/job/US-Headquarters/Software-Engineer-Intern_JR100363,Ambarella,Software Engineer Intern,Not stated,True,,Internship,,Software,US Headquarters,unknown,26,,Python; C++; PyTorch; TensorFlow,2026-08-27T00:00:00Z,date_only,2026-08-27T14:52:42Z,https://ambarella.wd108.myworkdayjobs.com/ambarella/job/US-Headquarters/Software-Engineer-Intern_JR100363
workday:bah:/job/El-Segundo-CA/University---2027-Summer-Games-Cyber-Security-Intern---El-Segundo--CA_R0248047,Booz Allen,University - 2027 Summer Games Cyber Security Intern,Summer 2027,False,,Internship,,Security,"El Segundo, CA",citizens-only,,$108k/yr,Linux,2026-08-27T00:00:00Z,date_only,2026-08-27T14:52:42Z,https://bah.wd1.myworkdayjobs.com/bah_jobs/job/El-Segundo-CA/University---2027-Summer-Games-Cyber-Security-Intern---El-Segundo--CA_R0248047
workday:bah:/job/El-Segundo-CA/University---2027-Summer-Games-Software-Developer-Intern---El-Segundo--CA_R0248046,Booz Allen,University - 2027 Summer Games Software Developer Intern,Summer 2027,False,,Internship,,Software,"El Segundo, CA",citizens-only,,$108k/yr,Python; Java; C++; JavaScript; Bash,2026-08-27T00:00:00Z,date_only,2026-08-27T14:52:42Z,https://bah.wd1.myworkdayjobs.com/bah_jobs/job/El-Segundo-CA/University---2027-Summer-Games-Software-Developer-Intern---El-Segundo--CA_R0248046
workday:bah:/job/El-Segundo-CA/University--2027-Summer-Games-Data-Scientist-Intern_R0248050,Booz Allen,"University, 2027 Summer Games Data Scientist Intern",Summer 2027,False,,Internship,,Data & ML/AI,"El Segundo, CA",citizens-only,,$141k/yr,,2026-08-27T00:00:00Z,date_only,2026-08-28T22:53:36Z,https://bah.wd1.myworkdayjobs.com/bah_jobs/job/El-Segundo-CA/University--2027-Summer-Games-Data-Scientist-Intern_R0248050
workday:bah:/job/McLean-VA/University---2027-Summer-Games-Cyber-Security-Intern---McLean--VA_R0248034,Booz Allen,"University - 2027 Summer Games Cyber Security Intern - McLean, VA",Summer 2027,False,,Internship,,Security,"McLean, VA",citizens-only,,$108k/yr,Linux,2026-08-27T00:00:00Z,date_only,2026-08-28T22:53:36Z,https://bah.wd1.myworkdayjobs.com/bah_jobs/job/McLean-VA/University---2027-Summer-Games-Cyber-Security-Intern---McLean--VA_R0248034
workday:bah:/job/McLean-VA/University---2027-Summer-Games-Data-Scientist-Intern---McLean--VA_R0248037,Booz Allen,University - 2027 Summer Games Data Scientist Intern,Summer 2027,False,,Internship,,Data & ML/AI,"McLean, VA",citizens-only,,$141k/yr,,2026-08-27T00:00:00Z,date_only,2026-08-27T14:52:42Z,https://bah.wd1.myworkdayjobs.com/bah_jobs/job/McLean-VA/University---2027-Summer-Games-Data-Scientist-Intern---McLean--VA_R0248037
workday:bah:/job/McLean-VA/University--2027-Summer-Games-Software-Developer-Intern_R0248029,Booz Allen,"University, 2027 Summer Games Software Developer Intern",Summer 2027,False,,Internship,,Software,"McLean, VA",citizens-only,,$108k/yr,Python; Java; C++; JavaScript; Bash,2026-08-27T00:00:00Z,date_only,2026-08-28T22:53:36Z,https://bah.wd1.myworkdayjobs.com/bah_jobs/job/McLean-VA/University--2027-Summer-Games-Software-Developer-Intern_R0248029
workday:bah:/job/San-Diego-CA/University---2027-Summer-Games-Data-Scientist-Intern---San-Diego--CA_R0248045,Booz Allen,University - 2027 Summer Games Data Scientist Intern,Summer 2027,False,,Internship,,Data & ML/AI,"San Diego, CA",citizens-only,,$141k/yr,,2026-08-27T00:00:00Z,date_only,2026-08-27T14:52:42Z,https://bah.wd1.myworkdayjobs.com/bah_jobs/job/San-Diego-CA/University---2027-Summer-Games-Data-Scientist-Intern---San-Diego--CA_R0248045
workday:bah:/job/San-Diego-CA/University---2027-Summer-Games-Software-Developer-Intern---San-Diego--CA_R0248038,Booz Allen,University - 2027 Summer Games Software Developer Intern,Summer 2027,False,,Internship,,Software,"San Diego, CA",citizens-only,,$108k/yr,Python; Java; C++; JavaScript; Bash,2026-08-27T00:00:00Z,date_only,2026-08-27T14:52:42Z,https://bah.wd1.myworkdayjobs.com/bah_jobs/job/San-Diego-CA/University---2027-Summer-Games-Software-Developer-Intern---San-Diego--CA_R0248038
workday:bah:/job/San-Diego-CA/University--2027-Summer-Games-Cyber-Security-Intern_R0248043,Booz Allen,"University, 2027 Summer Games Cyber Security Intern",Summer 2027,False,,Internship,,Security,"San Diego, CA",citizens-only,,$108k/yr,Linux,2026-08-27T00:00:00Z,date_only,2026-08-28T22:53:36Z,https://bah.wd1.myworkdayjobs.com/bah_jobs/job/San-Diego-CA/University--2027-Summer-Games-Cyber-Security-Intern_R0248043
workday:bah:/job/Washington-DC/University---Applied-AI-Intern_R0248111,Booz Allen,University - Applied AI Intern,Not stated,True,,Internship,,Data & ML/AI,"Washington, DC",citizens-only,,$158k/yr,Python; Java; C++; JavaScript; SQL,2026-08-27T00:00:00Z,date_only,2026-08-28T00:39:24Z,https://bah.wd1.myworkdayjobs.com/Confidential/job/Washington-DC/University---Applied-AI-Intern_R0248111
workday:manulife:/job/Boston-Massachusetts/Summer-Intern-2027---AI_JR26081682,Manulife Financial,Summer Intern 2027 - AI,Summer 2027,False,,Internship,,Data & ML/AI,"Boston, Massachusetts",unknown,,,Python; Java; SQL; PyTorch; scikit-learn; LLMs; HTML/CSS; AWS,2026-08-27T00:00:00Z,date_only,2026-08-28T00:39:24Z,https://manulife.wd3.myworkdayjobs.com/MFCJH_Jobs/job/Boston-Massachusetts/Summer-Intern-2027---AI_JR26081682
workday:manulife:/job/Boston-Massachusetts/Summer-Intern-2027---Software-Engineering_JR26081680,Manulife Financial,Summer Intern 2027 - Software Engineering,Summer 2027,False,,Internship,,Software,"Boston, Massachusetts",unknown,,,Python; Java; JavaScript; HTML/CSS; Git,2026-08-27T00:00:00Z,date_only,2026-08-28T00:39:24Z,https://manulife.wd3.myworkdayjobs.com/MFCJH_Jobs/job/Boston-Massachusetts/Summer-Intern-2027---Software-Engineering_JR26081680
workday:micron:/job/Longmont-MAX--Office-CO/Intern---Technical-Customer-Management--AI_JR109454,Micron Technology,"Intern - Technical Customer Management, AI",Not stated,True,,Internship,,Data & ML/AI,"Longmont-MAX- Office, CO",unknown,489,,Python; SQL,2026-08-27T00:00:00Z,date_only,2026-08-28T00:39:24Z,https://micron.wd1.myworkdayjobs.com/External/job/Longmont-MAX--Office-CO/Intern---Technical-Customer-Management--AI_JR109454
workday:workiva:/job/USA---Remote/Summer-2027-Intern---Machine-Learning-Engineering_R12194-1,Workiva,Summer 2027 Intern - Machine Learning Engineering,Summer 2027,False,,Internship,yes,Data & ML/AI,USA - Remote,unknown,3,,Python; AWS; Kubernetes; Docker; Git,2026-08-27T00:00:00Z,date_only,2026-08-29T15:52:02Z,https://workiva.wd503.myworkdayjobs.com/careers/job/USA---Remote/Summer-2027-Intern---Machine-Learning-Engineering_R12194-1
breezy:wavetronix:565668353504,Wavetronix,Computer Science Internship Summer 2027,Summer 2027,False,,Internship,,Software,"Springville, UT",unknown,,,,2026-08-26T19:01:37.268Z,exact,2026-08-26T19:35:41Z,https://wavetronix.breezy.hr/p/565668353504-computer-science-internship-summer-2027
greenhouse:whitewatermidstream:5217853007,WhiteWater Midstream,Data Science Intern - Summer 2027,Summer 2027,False,,Internship,,Data & ML/AI,"Austin, TX",unknown,,,Python; SQL; Tableau,2026-08-26T10:46:01-04:00,exact,2026-08-26T16:20:35Z,https://job-boards.greenhouse.io/whitewatermidstream/jobs/5217853007
oracle:fa-ewmy-saasfaprod1.fa.ocs.oraclecloud.com:4682,Verisk,AI Intern | 2027 Summer Internship Program,Summer 2027,False,,Internship,,Data & ML/AI,"Jersey City, NJ, United States",unknown,,,LLMs; Tableau,2026-08-26,date_only,2026-08-26T17:14:22Z,https://fa-ewmy-saasfaprod1.fa.ocs.oraclecloud.com/hcmUI/CandidateExperience/en/sites/CX_1/job/4682
smartrecruiters:AbbVie:3743990014860211,AbbVie,2027 Business Technology Solutions Intern - Cloud Engineering (Undergraduate),Summer 2027,False,,Internship,,Software,"Irvine, CA, United States (Hybrid)",unknown,303,,HTML/CSS; AWS; GCP; Azure; Kubernetes; Docker,2026-08-26T00:53:42.076Z,exact,2026-08-26T02:09:57Z,https://jobs.smartrecruiters.com/AbbVie/3743990014860211
smartrecruiters:AbbVie:3743990014860306,AbbVie,2027 Business Technology Solutions Intern - Data & Software Engineering (Undergraduate),Summer 2027,False,,Internship,,Data & ML/AI,"Irvine, CA, United States (Hybrid)",unknown,303,,Python; Java; TypeScript; JavaScript; SQL; LLMs; Node.js; Vue,2026-08-26T00:51:58.258Z,exact,2026-08-26T02:09:57Z,https://jobs.smartrecruiters.com/AbbVie/3743990014860306
smartrecruiters:AbbVie:3743990014860386,AbbVie,2027 Business Technology Solutions Intern - Cloud Engineering (Undergraduate),Summer 2027,False,,Internship,,Software,"North Chicago, IL, United States (Hybrid)",unknown,303,,HTML/CSS; AWS; GCP; Azure; Kubernetes; Docker,2026-08-26T00:53:09.674Z,exact,2026-08-26T02:09:57Z,https://jobs.smartrecruiters.com/AbbVie/3743990014860386
smartrecruiters:AbbVie:3743990014860391,AbbVie,2027 Business Technology Solutions Intern - Data & Software Engineering (Undergraduate),Summer 2027,False,,Internship,,Data & ML/AI,"South San Francisco, CA, United States (Hybrid)",unknown,303,,Python; Java; TypeScript; JavaScript; SQL; LLMs; Node.js; Vue,2026-08-26T00:54:51.383Z,exact,2026-08-26T02:09:57Z,https://jobs.smartrecruiters.com/AbbVie/3743990014860391
smartrecruiters:AbbVie:3743990014860456,AbbVie,2027 Business Technology Solutions Intern - Cloud Engineering (Undergraduate),Summer 2027,False,,Internship,,Software,"South San Francisco, CA, United States (Hybrid)",unknown,303,,HTML/CSS; AWS; GCP; Azure; Kubernetes; Docker,2026-08-26T00:54:24.912Z,exact,2026-08-26T02:09:57Z,https://jobs.smartrecruiters.com/AbbVie/3743990014860456
smartrecruiters:BoschGroup:744000145785190,Bosch,Phone as a Key Software Engineering - Intern,Not stated,True,,Internship,,Software,"Plymouth, MI, United States",unknown,188,,Python; C++; ROS,2026-08-26T16:23:12.316Z,exact,2026-08-26T17:14:22Z,https://jobs.smartrecruiters.com/BoschGroup/744000145785190
workday:ancestry:/job/Draper-Utah/Software-Engineer---Observability--Co-op_R003434,Ancestry,"Software Engineer – Observability, Co-op",Not stated,True,,Co-op,,Software,"Draper, Utah",unknown,,,Python; Java; TypeScript; JavaScript; SQL; LLMs; React; Node.js,2026-08-26T00:00:00Z,date_only,2026-08-26T22:45:27Z,https://ancestry.wd501.myworkdayjobs.com/Careers/job/Draper-Utah/Software-Engineer---Observability--Co-op_R003434
workday:aoins:/job/Lansing-MI/Intern---Analytics-Web-Systems-Developer_R_14272,Auto-Owners Insurance,Intern - Analytics Web Systems Developer,Not stated,True,,Internship,,Data & ML/AI,"Lansing, MI",unknown,,,C++; C#; JavaScript; SQL; Angular; HTML/CSS; .NET; AWS,2026-08-26T00:00:00Z,date_only,2026-08-26T19:35:41Z,https://aoins.wd5.myworkdayjobs.com/AutoOwners/job/Lansing-MI/Intern---Analytics-Web-Systems-Developer_R_14272
workday:aoins:/job/Lansing-MI/Software-Developer-Internship_R_2121,Auto-Owners Insurance,Software Developer Internship - Summer 2027,Summer 2027,False,,Internship,,Software,"Lansing, MI",unknown,,,Java; JavaScript; React; Node.js; Angular; HTML/CSS,2026-08-26T00:00:00Z,date_only,2026-08-26T22:45:27Z,https://aoins.wd5.myworkdayjobs.com/AutoOwners/job/Lansing-MI/Software-Developer-Internship_R_2121
workday:chemours:/job/US---Remote/AI---Data-Science-Intern_JR15013,Chemours,AI & Data Science Intern,Not stated,True,,Internship,yes,Data & ML/AI,US - Remote,unknown,,,Python; JavaScript; SQL; scikit-learn; Pandas; LLMs; React; HTML/CSS,2026-08-26T00:00:00Z,date_only,2026-08-26T22:45:27Z,https://chemours.wd103.myworkdayjobs.com/Chemours/job/US---Remote/AI---Data-Science-Intern_JR15013
workday:fanniemae:/job/Washington-DC/Campus---Treasury---Capital-Markets-Program-Intern--Quantitative-Research-Track-_JR2872,Fannie Mae,Campus – Treasury & Capital Markets Program Intern (Quantitative Research Track),Summer 2027,False,,Internship,,Quant,"Washington, DC",no-sponsorship,66,,Python; SQL,2026-08-26T00:00:00Z,date_only,2026-08-26T11:59:04Z,https://fanniemae.wd1.myworkdayjobs.com/FannieMaeCareers/job/Washington-DC/Campus---Treasury---Capital-Markets-Program-Intern--Quantitative-Research-Track-_JR2872
workday:leidos:/job/Alexandria-VA/Cybersecurity-Analyst-Intern_R-00190671,Leidos,Cybersecurity Analyst Intern,Summer 2027,False,,Internship,,Security,"Alexandria, VA",citizens-only,79,,,2026-08-26T00:00:00Z,date_only,2026-08-26T19:35:41Z,https://leidos.wd5.myworkdayjobs.com/External/job/Alexandria-VA/Cybersecurity-Analyst-Intern_R-00190671
workday:leidos:/job/Odenton-MD/Cybersecurity-Analyst-Intern_R-00190663,Leidos,Cybersecurity Analyst Intern,Summer 2027,False,,Internship,,Security,"Odenton, MD",citizens-only,79,,Python; Bash; Linux,2026-08-26T00:00:00Z,date_only,2026-08-26T19:35:41Z,https://leidos.wd5.myworkdayjobs.com/External/job/Odenton-MD/Cybersecurity-Analyst-Intern_R-00190663
workday:leidos:/job/Pearl-Harbor-HI/Cybersecurity-Analyst-Intern_R-00190665,Leidos,Cybersecurity Analyst Intern,Summer 2027,False,,Internship,,Security,"Pearl Harbor, HI",citizens-only,79,,Python; Bash; Linux,2026-08-26T00:00:00Z,date_only,2026-08-26T19:35:41Z,https://leidos.wd5.myworkdayjobs.com/External/job/Pearl-Harbor-HI/Cybersecurity-Analyst-Intern_R-00190665
workday:leidos:/job/Shiloh-IL/Cybersecurity-Analyst-Intern_R-00190667,Leidos,Cybersecurity Analyst Intern,Summer 2027,False,,Internship,,Security,"Shiloh, IL",citizens-only,79,,Python; Bash; Linux,2026-08-26T00:00:00Z,date_only,2026-08-26T19:35:41Z,https://leidos.wd5.myworkdayjobs.com/External/job/Shiloh-IL/Cybersecurity-Analyst-Intern_R-00190667
workday:leidos:/job/Sunset-UT/Cybersecurity-Analyst-Intern_R-00190664,Leidos,Cybersecurity Analyst Intern,Summer 2027,False,,Internship,,Security,"Sunset, UT",citizens-only,79,,Python; Bash; Linux,2026-08-26T00:00:00Z,date_only,2026-08-26T19:35:41Z,https://leidos.wd5.myworkdayjobs.com/External/job/Sunset-UT/Cybersecurity-Analyst-Intern_R-00190664
workday:leidos:/job/Whitehall-OH/Cybersecurity-Analyst-Intern_R-00190669,Leidos,Cybersecurity Analyst Intern,Summer 2027,False,,Internship,,Security,"Whitehall, OH",citizens-only,79,,Python; Bash; Linux,2026-08-26T00:00:00Z,date_only,2026-08-26T19:35:41Z,https://leidos.wd5.myworkdayjobs.com/External/job/Whitehall-OH/Cybersecurity-Analyst-Intern_R-00190669
workday:nrel:/job/Golden-CO/Undergraduate-graduate-intern---software-and-data-infrastructure-for-autonomous-thin-film-experimentation--Year-Round-_R14394,National Laboratory of the Rockies,Undergraduate/graduate intern - software and data infrastructure for autonomous thin film experimentation (Year-Round),Not stated,True,,Internship,,Data & ML/AI,"Golden, CO",unknown,,,Python; Computer Vision; Git,2026-08-26T00:00:00Z,date_only,2026-08-26T19:35:41Z,https://nrel.wd5.myworkdayjobs.com/NLR/job/Golden-CO/Undergraduate-graduate-intern---software-and-data-infrastructure-for-autonomous-thin-film-experimentation--Year-Round-_R14394
workday:qtsdatacenters:/job/Irving-TX/Summer-2027-Internship--Internal-Data-Center-Infrastructure-Projects_R2026-1906,QTS,Summer 2027 Internship: Internal Data Center Infrastructure Projects,Summer 2027,False,,Internship,,Data & ML/AI,"Irving, TX",citizens-only,,,,2026-08-26T00:00:00Z,date_only,2026-08-26T14:40:42Z,https://qtsdatacenters.wd5.myworkdayjobs.com/qts/job/Irving-TX/Summer-2027-Internship--Internal-Data-Center-Infrastructure-Projects_R2026-1906
workday:thehartford:/job/Charlotte-NC/Tech---Data-Program-Summer-2027---Data-Engineer-Intern--Charlotte-_R2626648,The Hartford,Tech & Data Program Summer 2027 – Data Engineer Intern (Charlotte),Summer 2027,False,,Internship,,Data & ML/AI,"Charlotte, NC",no-sponsorship,,,Python; SQL; LLMs; AWS; GCP; Azure; Git; Snowflake,2026-08-26T00:00:00Z,date_only,2026-08-26T19:35:41Z,https://thehartford.wd5.myworkdayjobs.com/Careers_External/job/Charlotte-NC/Tech---Data-Program-Summer-2027---Data-Engineer-Intern--Charlotte-_R2626648
workday:thehartford:/job/Charlotte-NC/Tech---Data-Program-Summer-2027---Software-Engineer-Intern--Charlotte-_R2626649,The Hartford,Tech & Data Program Summer 2027 - Software Engineer Intern (Charlotte),Summer 2027,False,,Internship,,Data & ML/AI,"Charlotte, NC",no-sponsorship,,,Python; Java; C#; JavaScript; SQL; LLMs; React; Angular,2026-08-26T00:00:00Z,date_only,2026-08-26T19:35:41Z,https://thehartford.wd5.myworkdayjobs.com/Careers_External/job/Charlotte-NC/Tech---Data-Program-Summer-2027---Software-Engineer-Intern--Charlotte-_R2626649
workday:thehartford:/job/Chicago-IL/Tech---Data-Program-Summer-2027---Data-Engineer-Intern--Chicago-_R2626650,The Hartford,Tech & Data Program Summer 2027 - Data Engineer Intern (Chicago),Summer 2027,False,,Internship,,Data & ML/AI,"Chicago, IL",no-sponsorship,,,Python; SQL; LLMs; AWS; GCP; Azure; Git; Snowflake,2026-08-26T00:00:00Z,date_only,2026-08-26T19:35:41Z,https://thehartford.wd5.myworkdayjobs.com/Careers_External/job/Chicago-IL/Tech---Data-Program-Summer-2027---Data-Engineer-Intern--Chicago-_R2626650
ashby:maximor:3ff6e57d-5430-4836-b6f0-19044d8ee6d8,Maximor AI,Software engineering Intern,Not stated,True,,Internship,,Software,New York City,unknown,,,Python; TypeScript; JavaScript; LLMs; React; AWS; GCP; Kubernetes,2026-08-25T20:15:07.571+00:00,exact,2026-08-26T10:09:43Z,https://jobs.ashbyhq.com/maximor/3ff6e57d-5430-4836-b6f0-19044d8ee6d8
greenhouse:verkada:5210813007,Verkada,Backend Software Engineering Intern 2027,Summer 2027,False,,Internship,,Software,"San Mateo, CA United States",offers,67,,Python; Go; Computer Vision; AWS; Kubernetes; Docker; Terraform; Linux,2026-08-25T14:11:57-04:00,exact,2026-08-25T18:17:31Z,https://job-boards.greenhouse.io/verkada/jobs/5210813007
greenhouse:verkada:5210942007,Verkada,Frontend Software Engineering Intern 2027,Summer 2027,False,,Internship,,Software,"San Mateo, CA United States",offers,67,,TypeScript; JavaScript; React; Angular; Vue; HTML/CSS,2026-08-25T14:12:05-04:00,exact,2026-08-25T18:17:31Z,https://job-boards.greenhouse.io/verkada/jobs/5210942007
greenhouse:verkada:5211595007,Verkada,Embedded Software Engineering Intern 2027,Summer 2027,False,,Internship,,Software,"San Mateo, CA United States",offers,67,,C++; Linux,2026-08-25T14:12:01-04:00,exact,2026-08-25T18:17:31Z,https://job-boards.greenhouse.io/verkada/jobs/5211595007
greenhouse:verkada:5213881007,Verkada,Security Software Engineering Intern 2027,Summer 2027,False,,Internship,,Security,"San Mateo, CA United States",offers,67,,Python; Go; Computer Vision; AWS; Kubernetes; Docker; Terraform; Linux,2026-08-25T14:12:08-04:00,exact,2026-08-25T18:17:31Z,https://job-boards.greenhouse.io/verkada/jobs/5213881007
greenhouse:verkada:5219131007,Verkada,Mobile Software Engineering Intern 2027,Summer 2027,False,,Internship,,Software,"San Mateo, CA United States",offers,67,,Swift; Kotlin,2026-08-25T14:12:17-04:00,exact,2026-08-25T18:17:31Z,https://job-boards.greenhouse.io/verkada/jobs/5219131007
oracle:ebxr.fa.us2.oraclecloud.com:214459,DTCC,Application Developer Intern [2027 Intern Program],Summer 2027,False,,Internship,,Software,"Jersey City, NJ, United States; Tampa, FL, United States; Dallas, TX, United States",unknown,,,Python; Java; TypeScript; JavaScript; SQL; React; Angular; Spring,2026-08-25,date_only,2026-08-25T20:57:28Z,https://ebxr.fa.us2.oraclecloud.com/hcmUI/CandidateExperience/en/sites/CX_1/job/214459
oracle:ebxr.fa.us2.oraclecloud.com:214473,DTCC,Infrastructure Engineer Intern [2027 Intern Program],Summer 2027,False,,Internship,,Software,"Jersey City, NJ, United States; Tampa, FL, United States; Dallas, TX, United States",unknown,,,Python; SQL; Bash; AWS; Azure; Linux; Git,2026-08-25,date_only,2026-08-25T20:57:28Z,https://ebxr.fa.us2.oraclecloud.com/hcmUI/CandidateExperience/en/sites/CX_1/job/214473
oracle:ebxr.fa.us2.oraclecloud.com:214476,DTCC,Information Security Intern [2027 Intern Program],Summer 2027,False,,Internship,,Security,"Jersey City, NJ, United States; Tampa, FL, United States; Dallas, TX, United States",unknown,,,,2026-08-25,date_only,2026-08-25T20:57:28Z,https://ebxr.fa.us2.oraclecloud.com/hcmUI/CandidateExperience/en/sites/CX_1/job/214476
oracle:ebxr.fa.us2.oraclecloud.com:214487,DTCC,Cyber Security Risk Intern [2027 Internship Program],Summer 2027,False,,Internship,,Security,"Jersey City, NJ, United States; Tampa, FL, United States; Dallas, TX, United States",unknown,,,,2026-08-25,date_only,2026-08-25T20:57:28Z,https://ebxr.fa.us2.oraclecloud.com/hcmUI/CandidateExperience/en/sites/CX_1/job/214487
oracle:ehzq.fa.us2.oraclecloud.com:115449,Grant Thornton,Cybersecurity and Privacy Intern - Summer 2027,Summer 2027,False,,Internship,,Security,"San Francisco, CA, United States",no-sponsorship,118,$42.5/hr,,2026-08-25,date_only,2026-08-25T22:57:22Z,https://ehzq.fa.us2.oraclecloud.com/hcmUI/CandidateExperience/en/sites/CX_1/job/115449
oracle:ehzq.fa.us2.oraclecloud.com:115637,Grant Thornton,Cybersecurity and Privacy Intern - Summer 2027,Summer 2027,False,,Internship,,Security,"New York, NY, United States",no-sponsorship,118,$40/hr,,2026-08-25,date_only,2026-08-25T20:57:28Z,https://ehzq.fa.us2.oraclecloud.com/hcmUI/CandidateExperience/en/sites/CX_1/job/115637
oracle:fa-evmr-saasfaprod1.fa.ocs.oraclecloud.com:39743,Nokia,Data Analytics & AI Co-op,Not stated,True,,Co-op,,Data & ML/AI,United States,unknown,,,Python; SQL,2026-08-25,date_only,2026-08-25T14:42:24Z,https://fa-evmr-saasfaprod1.fa.ocs.oraclecloud.com/hcmUI/CandidateExperience/en/sites/CX_1/job/39743
oracle:fa-evmr-saasfaprod1.fa.ocs.oraclecloud.com:39908,Nokia,Deepfield Software Engineer Co-op,Not stated,True,,Co-op,,Software,United States,unknown,,,Python; Rust; JavaScript; LLMs; React; HTML/CSS; Linux,2026-08-25,date_only,2026-08-25T17:26:09Z,https://fa-evmr-saasfaprod1.fa.ocs.oraclecloud.com/hcmUI/CandidateExperience/en/sites/CX_1/job/39908
oracle:ibqbjb.fa.ocs.oraclecloud.com:155522,Honeywell,Artificial Intelligence/Machine Learning - Summer 2027 Intern,Summer 2027,False,,Internship,,Data & ML/AI,United States,unknown,,$25.5/hr,Python; C++; JavaScript,2026-08-25,date_only,2026-08-25T17:26:09Z,https://ibqbjb.fa.ocs.oraclecloud.com/hcmUI/CandidateExperience/en/sites/CX_1/job/155522
oracle:ibqbjb.fa.ocs.oraclecloud.com:155554,Honeywell,"Information Systems, IT, Cyber Engineer & Data Science - Summer 2027 Intern (US Person Required)",Summer 2027,False,,Internship,,Data & ML/AI,United States,citizens-only,,$23/hr,,2026-08-25,date_only,2026-08-25T20:57:28Z,https://ibqbjb.fa.ocs.oraclecloud.com/hcmUI/CandidateExperience/en/sites/CX_1/job/155554
oracle:ibqbjb.fa.ocs.oraclecloud.com:155555,Honeywell,"Information Systems, IT, Cyber Engineer & Data Science - Summer 2027 Intern",Summer 2027,False,,Internship,,Data & ML/AI,United States,unknown,,$23/hr,,2026-08-25,date_only,2026-08-25T20:57:28Z,https://ibqbjb.fa.ocs.oraclecloud.com/hcmUI/CandidateExperience/en/sites/CX_1/job/155555
oracle:ibqbjb.fa.ocs.oraclecloud.com:155557,Honeywell,Software Engineer & Computer Science - Summer 2027 Intern (US Person Required),Summer 2027,False,,Internship,,Software,United States,citizens-only,,$25.5/hr,,2026-08-25,date_only,2026-08-25T22:57:22Z,https://ibqbjb.fa.ocs.oraclecloud.com/hcmUI/CandidateExperience/en/sites/CX_1/job/155557
oracle:ibqbjb.fa.ocs.oraclecloud.com:155558,Honeywell,Software Engineer & Computer Science - Summer 2027 Intern,Summer 2027,False,,Internship,,Software,United States,unknown,,$25.5/hr,,2026-08-25,date_only,2026-08-25T21:54:18Z,https://ibqbjb.fa.ocs.oraclecloud.com/hcmUI/CandidateExperience/en/sites/CX_1/job/155558
oracle:ibqbjb.fa.ocs.oraclecloud.com:155561,Honeywell,Embedded Engineer - Summer 2027 Intern (US Person Required),Summer 2027,False,,Internship,,Software,United States,citizens-only,,$24/hr,Python; C++; MATLAB,2026-08-25,date_only,2026-08-25T20:57:28Z,https://ibqbjb.fa.ocs.oraclecloud.com/hcmUI/CandidateExperience/en/sites/CX_1/job/155561
oracle:ibqbjb.fa.ocs.oraclecloud.com:155562,Honeywell,Embedded Engineer - Summer 2027 Intern,Summer 2027,False,,Internship,,Software,United States,unknown,,$24/hr,Python; C++; MATLAB,2026-08-25,date_only,2026-08-25T20:57:28Z,https://ibqbjb.fa.ocs.oraclecloud.com/hcmUI/CandidateExperience/en/sites/CX_1/job/155562
smartrecruiters:BoschGroup:744000145507908,Bosch,AI Security Research Intern,Not stated,True,,Internship,,Data & ML/AI,"Pittsburgh, PA, United States",unknown,188,,Python; PyTorch; LLMs,2026-08-25T12:50:20.265Z,exact,2026-08-25T13:25:43Z,https://jobs.smartrecruiters.com/BoschGroup/744000145507908
workday:brunswick:/job/Oshkosh-WI/Mercury-Marine--Software-Validation-Intern_JR-051160,Brunswick,Mercury Marine: Software Validation Intern,Not stated,True,,Internship,,Software,"Oshkosh, WI",unknown,54,$18–$27.5/hr,Python; C++; C#,2026-08-25T00:00:00Z,date_only,2026-08-25T19:58:52Z,https://brunswick.wd1.myworkdayjobs.com/search/job/Oshkosh-WI/Mercury-Marine--Software-Validation-Intern_JR-051160
workday:globalfoundries:/job/USA---New-York---Malta/Cybersecurity-Intern--Summer-2027-_JR-2604459,GlobalFoundries,Cybersecurity Intern (Summer 2027),Summer 2027,False,,Internship,,Security,USA - New York - Malta,unknown,,,,2026-08-25T00:00:00Z,date_only,2026-08-25T14:42:24Z,https://globalfoundries.wd1.myworkdayjobs.com/External/job/USA---New-York---Malta/Cybersecurity-Intern--Summer-2027-_JR-2604459
ashby:rivet:4e02461a-9f6c-4d3c-a511-6d54f31999bc,Rivet Industries,"Software Engineer Intern, XR Team (Fall 2026)",Fall 2026,False,,Internship,,Software,"Bellevue, WA",unknown,,,,2026-08-24T20:33:26.447+00:00,exact,2026-08-24T21:01:56Z,https://jobs.ashbyhq.com/rivet/4e02461a-9f6c-4d3c-a511-6d54f31999bc
greenhouse:advancedspace:4324855009,Advanced Space,2027 Software Engineering Summer Internship,Summer 2027,False,,Internship,,Software,"Westminster, CO",unknown,,$26–$35/hr,Python; C++; Bash; Linux,2026-08-24T16:37:48-04:00,exact,2026-08-24T21:01:56Z,https://job-boards.greenhouse.io/advancedspace/jobs/4324855009
greenhouse:advancedspace:4324875009,Advanced Space,2027 Machine Learning Summer Internship,Summer 2027,False,,Internship,,Data & ML/AI,"Westminster, CO",unknown,,$28–$37/hr,Python; C++; PyTorch; TensorFlow; scikit-learn; Pandas; Computer Vision; CUDA,2026-08-24T16:22:30-04:00,exact,2026-08-24T21:01:56Z,https://job-boards.greenhouse.io/advancedspace/jobs/4324875009
greenhouse:advancedspace:4333179009,Advanced Space,2027 DevOps Summer Internship,Summer 2027,False,,Internship,,Software,"Westminster, CO",unknown,,$26–$35/hr,Python; Bash; AWS; Kubernetes; Docker; Terraform; Linux; Git,2026-08-24T16:17:46-04:00,exact,2026-08-24T21:01:56Z,https://job-boards.greenhouse.io/advancedspace/jobs/4333179009
greenhouse:bti36021:8155152,BTI360,Software Engineering Intern,Summer 2027,False,,Internship,,Software,"Herndon,VA",unknown,,,Python; Java; C++; SQL; React; Angular; Spring; AWS,2026-08-24T16:37:00-04:00,exact,2026-08-25T10:01:16Z,https://job-boards.greenhouse.io/bti36021/jobs/8155152
greenhouse:morsecorpcoop:7967400003,Meridian Partners,Flight Software Engineer Co-op,Not stated,True,,Co-op,,Software,"Cambridge, MA",unknown,,,Python; C++; Rust; Linux,2026-08-24T20:22:51-04:00,exact,2026-08-25T02:04:46Z,https://job-boards.greenhouse.io/morsecorpcoop/jobs/7967400003
greenhouse:morsecorpcoop:7967614003,Meridian Partners,Cloud Software Engineer Co-op,Not stated,True,,Co-op,,Software,"Cambridge, MA",unknown,,,Python; AWS; GCP; Azure; Kubernetes; Docker; Terraform; Git,2026-08-24T20:50:28-04:00,exact,2026-08-25T02:04:46Z,https://job-boards.greenhouse.io/morsecorpcoop/jobs/7967614003
greenhouse:morsecorpcoop:7967886003,Meridian Partners,Data Scientist Graduate Co-op,Not stated,True,,Co-op,,Data & ML/AI,"Cambridge, MA, Arlington, VA",citizens-only,,,Python; scikit-learn; Pandas; LLMs; Computer Vision; Docker; Git; Spark,2026-08-24T21:21:07-04:00,exact,2026-08-25T02:04:46Z,https://job-boards.greenhouse.io/morsecorpcoop/jobs/7967886003
greenhouse:morsecorpcoop:7968076003,Meridian Partners,Front End Software Engineer Graduate Co-op,Not stated,True,,Co-op,,Software,"Cambridge, MA",citizens-only,,,Python; React; Git,2026-08-24T21:44:57-04:00,exact,2026-08-25T02:04:46Z,https://job-boards.greenhouse.io/morsecorpcoop/jobs/7968076003
greenhouse:morsecorpcoop:7968100003,Meridian Partners,Full Stack Software Engineer Graduate Co-op,Not stated,True,,Co-op,,Software,"Cambridge, MA, Arlington, VA, Seattle, WA",citizens-only,,,Python; JavaScript; AWS; Azure; Docker; Git,2026-08-24T21:54:23-04:00,exact,2026-08-25T02:04:46Z,https://job-boards.greenhouse.io/morsecorpcoop/jobs/7968100003
greenhouse:morsecorpcoop:7968308003,Meridian Partners,Machine Learning Engineer Co-op,Not stated,True,,Co-op,,Data & ML/AI,"Cambridge, MA, Arlington, VA, Seattle, WA",citizens-only,,,Python; LLMs; Computer Vision; AWS; Azure; Docker; Airflow,2026-08-24T22:25:21-04:00,exact,2026-08-25T03:26:35Z,https://job-boards.greenhouse.io/morsecorpcoop/jobs/7968308003
greenhouse:morsecorpcoop:7968485003,Meridian Partners,Python Software Engineer Graduate Co-op,Not stated,True,,Co-op,,Software,"Cambridge, MA, Arlington, VA, Seattle, WA",citizens-only,,,Python; AWS; Azure; Docker; Git,2026-08-24T22:42:42-04:00,exact,2026-08-25T03:26:35Z,https://job-boards.greenhouse.io/morsecorpcoop/jobs/7968485003
greenhouse:morsecorpcoop:7968605003,Meridian Partners,Embedded Software Engineer Co-op,Not stated,True,,Co-op,,Software,"Cambridge, MA",citizens-only,,,Python; C++; Rust,2026-08-24T23:07:54-04:00,exact,2026-08-25T03:26:35Z,https://job-boards.greenhouse.io/morsecorpcoop/jobs/7968605003
greenhouse:sage49:6131185004,Sage,Software Engineering Intern (Full Stack) – Summer 2027,Summer 2027,False,,Internship,,Software,"New York, New York, United States",unknown,,$50/hr,Python; Java; TypeScript; JavaScript; SQL; React; Node.js; Git,2026-08-24T10:55:27-04:00,exact,2026-08-25T10:01:16Z,https://job-boards.greenhouse.io/sage49/jobs/6131185004
greenhouse:sage49:6131191004,Sage,Software Engineering Intern (Edge) – Summer 2027,Summer 2027,False,,Internship,,Software,"New York, New York, United States",unknown,,$50/hr,Python; Java; AWS; Linux,2026-08-24T10:55:35-04:00,exact,2026-08-25T10:01:16Z,https://job-boards.greenhouse.io/sage49/jobs/6131191004
oracle:eofe.fa.us2.oraclecloud.com:81238,BNY,"2027 BNY Summer Internship Program - Engineering (Data Science) - Jersey City, NJ",Summer 2027,False,,Internship,,Data & ML/AI,"Jersey City, NJ, United States",unknown,,,Python; Java; JavaScript; HTML/CSS,2026-08-24,date_only,2026-08-24T13:27:59Z,https://eofe.fa.us2.oraclecloud.com/hcmUI/CandidateExperience/en/sites/CX_1001/job/81238
oracle:eofe.fa.us2.oraclecloud.com:81239,BNY,"2027 BNY Summer Internship Program - Engineering (Data Science) - Lake Mary, FL",Summer 2027,False,,Internship,,Data & ML/AI,"Lake Mary, FL, United States",unknown,,,Python; Java; JavaScript; HTML/CSS,2026-08-24,date_only,2026-08-24T13:27:59Z,https://eofe.fa.us2.oraclecloud.com/hcmUI/CandidateExperience/en/sites/CX_1001/job/81239
oracle:eofe.fa.us2.oraclecloud.com:81240,BNY,"2027 BNY Summer Internship Program - Engineering (Data Science) - New York, NY",Summer 2027,False,,Internship,,Data & ML/AI,"New York, NY, United States",unknown,,,Python; Java; JavaScript; HTML/CSS,2026-08-24,date_only,2026-08-24T13:27:59Z,https://eofe.fa.us2.oraclecloud.com/hcmUI/CandidateExperience/en/sites/CX_1001/job/81240
oracle:eofe.fa.us2.oraclecloud.com:81241,BNY,"2027 BNY Summer Internship Program - Engineering (Data Science) - Pittsburgh, PA",Summer 2027,False,,Internship,,Data & ML/AI,"Pittsburgh, PA, United States",unknown,,,Python; Java; JavaScript; HTML/CSS,2026-08-24,date_only,2026-08-24T13:27:59Z,https://eofe.fa.us2.oraclecloud.com/hcmUI/CandidateExperience/en/sites/CX_1001/job/81241
oracle:eofe.fa.us2.oraclecloud.com:81251,BNY,"2027 BNY Summer Internship Program - Engineering (Developer) - Jersey City, NJ",Summer 2027,False,,Internship,,Software,"Jersey City, NJ, United States",unknown,,,Python; Java; JavaScript; HTML/CSS,2026-08-24,date_only,2026-08-24T13:27:59Z,https://eofe.fa.us2.oraclecloud.com/hcmUI/CandidateExperience/en/sites/CX_1001/job/81251
oracle:eofe.fa.us2.oraclecloud.com:81252,BNY,"2027 BNY Summer Internship Program - Engineering (Developer) - Lake Mary, FL",Summer 2027,False,,Internship,,Software,"Lake Mary, FL, United States",unknown,,,Python; Java; JavaScript; HTML/CSS,2026-08-24,date_only,2026-08-24T13:27:59Z,https://eofe.fa.us2.oraclecloud.com/hcmUI/CandidateExperience/en/sites/CX_1001/job/81252
oracle:eofe.fa.us2.oraclecloud.com:81253,BNY,"2027 BNY Summer Internship Program - Engineering (Developer) - New York, NY",Summer 2027,False,,Internship,,Software,"New York, NY, United States",unknown,,,Python; Java; JavaScript; HTML/CSS,2026-08-24,date_only,2026-08-24T13:27:59Z,https://eofe.fa.us2.oraclecloud.com/hcmUI/CandidateExperience/en/sites/CX_1001/job/81253
oracle:eofe.fa.us2.oraclecloud.com:81254,BNY,"2027 BNY Summer Internship Program - Engineering (Developer) - Pittsburgh, PA",Summer 2027,False,,Internship,,Software,"Pittsburgh, PA, United States",unknown,,,Python; Java; JavaScript; HTML/CSS,2026-08-24,date_only,2026-08-24T13:27:59Z,https://eofe.fa.us2.oraclecloud.com/hcmUI/CandidateExperience/en/sites/CX_1001/job/81254
workday:brunswick:/job/Champaign-IL/Software-Engineering-Intern_JR-051316,Brunswick,Software Engineering Intern,Not stated,True,,Internship,,Software,"Champaign, IL",unknown,54,$18–$27/hr,Python; Rust; TypeScript; Azure; Git,2026-08-24T00:00:00Z,date_only,2026-08-25T05:29:57Z,https://brunswick.wd1.myworkdayjobs.com/search/job/Champaign-IL/Software-Engineering-Intern_JR-051316
workday:canadiansolar:/job/Mesquite-TX/Data-Analyst--Quality-Intern_10001414,Canadian Solar,"Data Analyst, Quality Intern",Not stated,True,,Internship,,Data & ML/AI,"Mesquite, TX",unknown,,,SQL,2026-08-24T00:00:00Z,date_only,2026-08-24T21:01:56Z,https://canadiansolar.wd5.myworkdayjobs.com/CanadianSolar/job/Mesquite-TX/Data-Analyst--Quality-Intern_10001414
workday:freddiemac:/job/McLean-VA/Multifamily-Software-Development-Intern---Summer-2027_JR17564,Freddie Mac,Multifamily Software Development Intern – Summer 2027,Summer 2027,False,,Internship,,Software,"McLean, VA",unknown,,$32/hr,Java; Angular; Spring; AWS,2026-08-24T00:00:00Z,date_only,2026-08-24T19:11:02Z,https://freddiemac.wd5.myworkdayjobs.com/External/job/McLean-VA/Multifamily-Software-Development-Intern---Summer-2027_JR17564
workday:freddiemac:/job/McLean-VA/Single-Family-Software-Developer-Intern--Summer-2027_JR17544,Freddie Mac,Single-Family Software Developer Intern- Summer 2027,Summer 2027,False,,Internship,,Software,"McLean, VA",unknown,,$32/hr,Python; Java; C++; Angular; Spring; Tableau,2026-08-24T00:00:00Z,date_only,2026-08-24T17:26:09Z,https://freddiemac.wd5.myworkdayjobs.com/External/job/McLean-VA/Single-Family-Software-Developer-Intern--Summer-2027_JR17544
workday:monolithicpower:/job/San-Jose---California/AI-Developer-Intern_R-1756,Monolithic Power Systems,AI Developer Intern,Not stated,True,,Internship,,Data & ML/AI,San Jose - California,unknown,20,$30/hr,Python; Java; PyTorch; TensorFlow,2026-08-24T00:00:00Z,date_only,2026-08-24T19:11:02Z,https://monolithicpower.wd12.myworkdayjobs.com/MPS_Careers/job/San-Jose---California/AI-Developer-Intern_R-1756
workday:motorolasolutions:/job/Chicago-IL/Android-Applications-Developer-Intern---Summer-2027_R67740,Motorola,Android Applications Developer Intern - Summer 2027,Summer 2027,False,,Internship,,Software,"Chicago, IL",citizens-only,,,Kotlin; Git,2026-08-24T00:00:00Z,date_only,2026-08-24T15:35:32Z,https://motorolasolutions.wd5.myworkdayjobs.com/Careers/job/Chicago-IL/Android-Applications-Developer-Intern---Summer-2027_R67740
workday:thehartford:/job/Columbus-OH/Tech---Data-Program-Summer-2027---Data-Engineer-Intern--Columbus-_R2626610,The Hartford,Tech & Data Program Summer 2027 - Data Engineer Intern (Columbus),Summer 2027,False,,Internship,,Data & ML/AI,"Columbus, OH",no-sponsorship,,,Python; SQL; LLMs; AWS; GCP; Azure; Git; Snowflake,2026-08-24T00:00:00Z,date_only,2026-08-24T21:01:56Z,https://thehartford.wd5.myworkdayjobs.com/Careers_External/job/Columbus-OH/Tech---Data-Program-Summer-2027---Data-Engineer-Intern--Columbus-_R2626610
workday:thehartford:/job/Columbus-OH/Tech---Data-Summer-Program-2027---Software-Engineer-Intern--Columbus-_R2626609,The Hartford,Tech & Data Program Summer 2027 - Software Engineer Intern (Columbus),Summer 2027,False,,Internship,,Data & ML/AI,"Columbus, OH",no-sponsorship,,,Python; Java; C#; JavaScript; SQL; LLMs; Angular; HTML/CSS,2026-08-24T00:00:00Z,date_only,2026-08-24T19:56:32Z,https://thehartford.wd5.myworkdayjobs.com/Careers_External/job/Columbus-OH/Tech---Data-Summer-Program-2027---Software-Engineer-Intern--Columbus-_R2626609
workday:thehartford:/job/Hartford-CT/Tech---Data-Program-Summer-2027---Data-Engineer-Intern--Hartford-_R2626103-1,The Hartford,Tech & Data Program Summer 2027 – Data Engineer Intern (Hartford),Summer 2027,False,,Internship,,Data & ML/AI,"Hartford, CT",no-sponsorship,,,Python; SQL; LLMs; AWS; GCP; Azure; Git; Snowflake,2026-08-24T00:00:00Z,date_only,2026-08-24T19:56:32Z,https://thehartford.wd5.myworkdayjobs.com/Careers_External/job/Hartford-CT/Tech---Data-Program-Summer-2027---Data-Engineer-Intern--Hartford-_R2626103-1
workday:thehartford:/job/Hartford-CT/Tech---Data-Program-Summer-2027---Software-Engineer-Intern--Hartford-_R2626105-1,The Hartford,Tech & Data Program Summer 2027 - Software Engineer Intern (Hartford),Summer 2027,False,,Internship,,Data & ML/AI,"Hartford, CT",no-sponsorship,,,Python; Java; C#; JavaScript; SQL; LLMs; React; Angular,2026-08-24T00:00:00Z,date_only,2026-08-24T19:56:32Z,https://thehartford.wd5.myworkdayjobs.com/Careers_External/job/Hartford-CT/Tech---Data-Program-Summer-2027---Software-Engineer-Intern--Hartford-_R2626105-1
ashby:ambrook:e458b046-aa7f-4022-bca5-63cdfd495456,Ambrook,Software Engineering Intern,Not stated,True,,Internship,,Software,New York,unknown,,$2K per week • + housing stipend.,TypeScript; React; Next.js; GCP; PostgreSQL,2026-08-21T19:35:46.030+00:00,exact,2026-08-22T09:52:26Z,https://jobs.ashbyhq.com/ambrook/e458b046-aa7f-4022-bca5-63cdfd495456
ashby:h3x-technologies:d406e4b4-9b48-438c-a2af-b7feb8563a40,H3X Technologies,Embedded Controls Intern (Spring),Not stated,True,,Internship,,Software,"Louisville, Colorado",unknown,,$23–$37/hr,Python; C++; Git,2026-08-21T16:44:22.442+00:00,exact,2026-08-21T17:06:24Z,https://jobs.ashbyhq.com/h3x-technologies/d406e4b4-9b48-438c-a2af-b7feb8563a40
ashby:weave:1318e017-3ea6-4a1f-aac7-1c11a46cda8d,Weave,Data Engineer Intern,Not stated,True,,Internship,,Data & ML/AI,"Weave - Headquarters (Lehi, UT)",unknown,,,Python; SQL; Git; Snowflake,2026-08-21T19:14:42.880+00:00,exact,2026-08-22T09:52:26Z,https://jobs.ashbyhq.com/weave/1318e017-3ea6-4a1f-aac7-1c11a46cda8d
greenhouse:cssmerge:8695475002,Atoms,Robotics Software Engineer Intern,Not stated,True,,Internship,,Hardware,"Pittsburgh, PA",unknown,,$25–$35/hr,Python; Java; C++; Rust; Computer Vision; Linux; Git; ROS,2026-08-21T17:36:22-04:00,exact,2026-08-26T16:20:35Z,https://job-boards.greenhouse.io/cssmerge/jobs/8695475002
greenhouse:syskahennessy:8147733,Syska Hennessy Group,Innovations Intern (Full Stack/Front End Engineering),Not stated,True,,Internship,,Software,New York,unknown,,,JavaScript,2026-08-21T12:56:19-04:00,exact,2026-08-22T09:52:26Z,https://job-boards.greenhouse.io/syskahennessy/jobs/8147733
workday:brunswick:/job/Tulsa-OK/Software-Engineering-Intern_JR-051321,Brunswick,Software Engineering Intern,Not stated,True,,Internship,,Software,"Tulsa, OK",no-sponsorship,54,$18–$27/hr,Python; Java; C++; Kotlin; Git,2026-08-21T00:00:00Z,date_only,2026-08-21T19:50:14Z,https://brunswick.wd1.myworkdayjobs.com/search/job/Tulsa-OK/Software-Engineering-Intern_JR-051321
workday:hp:/job/Spring-Texas-United-States-of-America/Software-Internship-Roles---HP-Solutions--HPS-_3167906-1,Hewlett Packard (HP),Software Internship Roles - HP Solutions (HPS),Summer 2027,False,,Internship,,Software,"Spring, Texas, United States of America",no-sponsorship,,$31–$37/hr,Python; Java; C++; TypeScript; JavaScript; SQL; PyTorch; TensorFlow,2026-08-21T00:00:00Z,date_only,2026-08-21T19:08:59Z,https://hp.wd5.myworkdayjobs.com/ExternalCareerSite/job/Spring-Texas-United-States-of-America/Software-Internship-Roles---HP-Solutions--HPS-_3167906-1
ashby:phoebe-work:1ffe3e63-2163-447e-a8b0-1fff8b87e0ca,Phoebe,Software Engineering Intern,Fall 2026,False,,Internship,,Software,New York City,unknown,,,Python; TypeScript; LLMs; React; AWS; PostgreSQL,2026-08-20T15:06:08.548+00:00,exact,2026-08-21T10:05:26Z,https://jobs.ashbyhq.com/phoebe-work/1ffe3e63-2163-447e-a8b0-1fff8b87e0ca
greenhouse:devtechnology:8726212002,Dev Technology Group,React/Node Developer Intern (Summer 2027),Summer 2027,False,,Internship,,Software,"Reston, Virginia",citizens-only,,$21–$30/hr,React; Java; TypeScript; JavaScript; SQL; Node.js; HTML/CSS; AWS,2026-08-20T15:12:50-04:00,exact,2026-09-02T13:52:39Z,https://job-boards.greenhouse.io/devtechnology/jobs/8726212002
smartrecruiters:AbbVie:3743990014697918,AbbVie,2027 Business Technology Solutions Intern - Data & Software Engineering (Undergraduate),Summer 2027,False,,Internship,,Data & ML/AI,"North Chicago, IL, United States (Hybrid)",unknown,303,,Python; Java; TypeScript; JavaScript; SQL; LLMs; Node.js; Vue,2026-08-20T13:47:48.995Z,exact,2026-08-20T14:33:53Z,https://jobs.smartrecruiters.com/AbbVie/3743990014697918
workday:fanniemae:/job/Washington-DC/Campus---Data-Science-Intern--Analytics---Modeling-Program-_JR2815,Fannie Mae,Campus – Data Science Intern (Analytics & Modeling Program),Summer 2027,False,,Internship,,Data & ML/AI,"Washington, DC",no-sponsorship,66,,Python; SQL; Git,2026-08-20T00:00:00Z,date_only,2026-08-20T15:23:40Z,https://fanniemae.wd1.myworkdayjobs.com/FannieMaeCareers/job/Washington-DC/Campus---Data-Science-Intern--Analytics---Modeling-Program-_JR2815
workday:fifththird:/job/Cincinnati-OH/Information-Security-Co-op---Cyber-Threat-Interdiction---Summer-2027_R71582,Fifth Third Bank,Information Security Co-op - Cyber Threat Interdiction - Summer 2027,Summer 2027,False,,Co-op,,Security,"Cincinnati, OH",unknown,,,,2026-08-20T00:00:00Z,date_only,2026-08-20T14:33:53Z,https://fifththird.wd5.myworkdayjobs.com/53careers/job/Cincinnati-OH/Information-Security-Co-op---Cyber-Threat-Interdiction---Summer-2027_R71582
workday:fifththird:/job/Cincinnati-OH/Information-Security-Co-op---Identity---Access-Management---Summer-2027_R71591,Fifth Third Bank,Information Security Co-op – Identity & Access Management – Summer 2027,Summer 2027,False,,Co-op,,Security,"Cincinnati, OH",unknown,,,,2026-08-20T00:00:00Z,date_only,2026-08-20T14:33:53Z,https://fifththird.wd5.myworkdayjobs.com/53careers/job/Cincinnati-OH/Information-Security-Co-op---Identity---Access-Management---Summer-2027_R71591
workday:fifththird:/job/Cincinnati-OH/Software-Engineer-Co-Op---Enterprise-Finance-Applications---Summer-2027_R71588,Fifth Third Bank,Software Engineer Co-Op - Enterprise Finance Applications - Summer 2027,Summer 2027,False,,Co-op,,Software,"Cincinnati, OH",unknown,,,Java; LLMs; Node.js; Angular; Spring,2026-08-20T00:00:00Z,date_only,2026-08-20T14:33:53Z,https://fifththird.wd5.myworkdayjobs.com/53careers/job/Cincinnati-OH/Software-Engineer-Co-Op---Enterprise-Finance-Applications---Summer-2027_R71588
workday:intel:/job/US-Arizona-Phoenix/Software-Engineer-Graduate-Intern_JR0286489,Intel,Software Engineer Graduate Intern,Not stated,True,,Internship,,Software,"US, Arizona, Phoenix",unknown,4758,,Java; C#; .NET,2026-08-20T00:00:00Z,date_only,2026-08-20T17:58:20Z,https://intel.wd1.myworkdayjobs.com/external/job/US-Arizona-Phoenix/Software-Engineer-Graduate-Intern_JR0286489
workday:intel:/job/US-Oregon-Hillsboro/Software-Engineer-Graduate-Intern_JR0286491,Intel,Software Engineer Graduate Intern,Not stated,True,,Internship,,Software,"US, Oregon, Hillsboro",unknown,4758,,Python; C#; .NET,2026-08-20T00:00:00Z,date_only,2026-08-20T17:58:20Z,https://intel.wd1.myworkdayjobs.com/external/job/US-Oregon-Hillsboro/Software-Engineer-Graduate-Intern_JR0286491
workday:microchiphr:/job/AZ---Chandler/Intern---Engineering--Device-Software-and-Test-_R3573-26,Microchip Technology,Intern - Engineering (Device Software and Test),Not stated,True,,Internship,,Software,AZ - Chandler,unknown,143,,Python; Java; C#; Linux,2026-08-20T00:00:00Z,date_only,2026-08-20T19:11:36Z,https://microchiphr.wd5.myworkdayjobs.com/external/job/AZ---Chandler/Intern---Engineering--Device-Software-and-Test-_R3573-26
workday:vanguard:/job/Charlotte-NC/College-to-Corporate-IT-Internship---Data-Analyst--NC-_181767,Vanguard,College to Corporate IT Internship - Data Analyst (NC),Summer 2027,False,,Internship,,Data & ML/AI,"Charlotte, NC",unknown,,,,2026-08-20T00:00:00Z,date_only,2026-08-20T20:56:51Z,https://vanguard.wd5.myworkdayjobs.com/vanguard_external/job/Charlotte-NC/College-to-Corporate-IT-Internship---Data-Analyst--NC-_181767
workday:vanguard:/job/Charlotte-NC/College-to-Corporate-IT-Internship---Data-Science--NC-_181765,Vanguard,College to Corporate IT Internship - Data Science (NC),Summer 2027,False,,Internship,,Data & ML/AI,"Charlotte, NC",unknown,,,,2026-08-20T00:00:00Z,date_only,2026-08-20T19:55:49Z,https://vanguard.wd5.myworkdayjobs.com/vanguard_external/job/Charlotte-NC/College-to-Corporate-IT-Internship---Data-Science--NC-_181765
workday:vanguard:/job/Malvern-PA/College-to-Corporate-IT-Internship---Data-Science--PA-_181766,Vanguard,College to Corporate IT Internship - Data Science (PA),Summer 2027,False,,Internship,,Data & ML/AI,"Malvern, PA",unknown,,,,2026-08-20T00:00:00Z,date_only,2026-08-20T19:55:49Z,https://vanguard.wd5.myworkdayjobs.com/vanguard_external/job/Malvern-PA/College-to-Corporate-IT-Internship---Data-Science--PA-_181766
ashby:n1:afe7deb5-9cfd-4926-bcb4-058d418592a6,N1,"Software Engineer Intern (Backend, Rust)",Not stated,True,,Internship,,Software,New York City,unknown,,,Rust; C++,2026-08-19T19:57:20.073+00:00,exact,2026-08-19T20:13:56Z,https://jobs.ashbyhq.com/n1/afe7deb5-9cfd-4926-bcb4-058d418592a6
greenhouse:devtechnology:8726074002,Dev Technology Group,AI/ML Intern (Summer 2027),Summer 2027,False,,Internship,,Data & ML/AI,"Reston, Virginia",citizens-only,,$21–$30/hr,Python; Java; PyTorch; TensorFlow,2026-08-19T15:28:37-04:00,exact,2026-09-02T13:52:39Z,https://job-boards.greenhouse.io/devtechnology/jobs/8726074002
greenhouse:devtechnology:8726259002,Dev Technology Group,Microsoft Power Platform & AI Intern (Summer 2027),Summer 2027,False,,Internship,,Data & ML/AI,"Reston, Virginia",citizens-only,,$21–$30/hr,Python; Java; C#; JavaScript; LLMs; Azure,2026-08-19T15:21:18-04:00,exact,2026-09-02T13:52:39Z,https://job-boards.greenhouse.io/devtechnology/jobs/8726259002
greenhouse:devtechnology:8728292002,Dev Technology Group,AI/Agentic Solution Engineer Intern (Summer 2027),Summer 2027,False,,Internship,,Data & ML/AI,"Reston, Virginia",citizens-only,,$21–$30/hr,Python; Rust; TypeScript; JavaScript; React; Angular; AWS; Azure,2026-08-19T15:14:36-04:00,exact,2026-09-02T13:52:39Z,https://job-boards.greenhouse.io/devtechnology/jobs/8728292002
greenhouse:generalmatter:5377118008,General Matter,Summer 2027 Internship - Software Engineering,Summer 2027,False,,Internship,,Software,"Los Angeles, CA",unknown,,$32–$46/hr,Python; C++; Linux,2026-08-19T18:16:14-04:00,exact,2026-08-19T22:52:54Z,https://job-boards.greenhouse.io/generalmatter/jobs/5377118008
workday:copart:/job/Dallas-TX---Headquarters/Site-Reliability-Engineer-Intern_JR110631,Copart,Site Reliability Engineer Intern,Not stated,True,,Internship,,Software,"Dallas, TX - Headquarters",unknown,83,,Python; AWS; GCP; Kubernetes; Linux,2026-08-19T00:00:00Z,date_only,2026-08-19T22:14:30Z,https://copart.wd12.myworkdayjobs.com/copart/job/Dallas-TX---Headquarters/Site-Reliability-Engineer-Intern_JR110631
workday:moog:/job/Buffalo-NY/Intern--IT-Computer-Science_R-26-19378,Moog,"Intern, IT Computer Science",Fall 2026,False,,Internship,,Software,"Buffalo, NY",unknown,2,,SQL,2026-08-19T00:00:00Z,date_only,2026-08-19T17:52:54Z,https://moog.wd5.myworkdayjobs.com/moog_external_career_site/job/Buffalo-NY/Intern--IT-Computer-Science_R-26-19378
greenhouse:gardacp:6146213004,Garda Capital Partners,Software Engineer Intern,Not stated,True,,Internship,,Software,"New York, New York, United States",unknown,6,,Python; SQL,2026-08-18T16:01:53-04:00,exact,2026-08-18T20:51:25Z,https://job-boards.greenhouse.io/gardacp/jobs/6146213004
oracle:egug.fa.us2.oraclecloud.com:26011015,American Express,"Campus Undergraduate Summer Internship Program - 2027 Software Engineer, Enterprise Technology Services- Sunrise, FL",Summer 2027,False,,Internship,,Software,"Sunrise, FL, United States",unknown,133,,Python; Java; C#; Go; TypeScript; JavaScript; Swift; Kotlin,2026-08-18,date_only,2026-08-18T15:05:36Z,https://egug.fa.us2.oraclecloud.com/hcmUI/CandidateExperience/en/sites/CX_1/job/26011015
oracle:ejhp.fa.us6.oraclecloud.com:2621017,Sherwin-Williams,Year-Round IT Database Engineer Co-Op,Not stated,True,,Co-op,,Software,"Cleveland, OH, United States",unknown,94,,,2026-08-18,date_only,2026-08-18T14:11:54Z,https://ejhp.fa.us6.oraclecloud.com/hcmUI/CandidateExperience/en/sites/CX_2/job/2621017
workday:amcor:/job/ASC-Atlanta-HQ-GA/AI-Innovation-Engineer_REQ_93190,Amcor,Intern - AI Innovation Engineer,Not stated,True,,Internship,,Data & ML/AI,ASC Atlanta HQ GA,unknown,,,Python; C#; TypeScript; JavaScript; LLMs; React; Azure; Git,2026-08-18T00:00:00Z,date_only,2026-08-18T11:52:49Z,https://amcor.wd5.myworkdayjobs.com/amcor_external_career_site/job/ASC-Atlanta-HQ-GA/AI-Innovation-Engineer_REQ_93190
workday:clr:/job/Oklahoma-City-OK/Data-Analyst-Intern--Summer-2027-_R02591-1,Continental Resources,Data Analyst Intern (Summer 2027),Summer 2027,False,,Internship,,Data & ML/AI,"Oklahoma City, OK",unknown,,,Python; SQL; HTML/CSS,2026-08-18T00:00:00Z,date_only,2026-08-19T04:36:18Z,https://clr.wd5.myworkdayjobs.com/CLR_Careers/job/Oklahoma-City-OK/Data-Analyst-Intern--Summer-2027-_R02591-1
workday:pimco:/job/Austin-TX-USA/XMLNAME-2027-Summer-Intern---Technology-Analyst--Software-Engineering_R106745,PIMCO,"2027 Summer Intern - Technology Analyst, Software Engineering",Summer 2027,False,,Internship,,Software,"Austin, TX USA",unknown,42,,Python; Java; C++; C#; SQL,2026-08-18T00:00:00Z,date_only,2026-08-18T15:05:36Z,https://pimco.wd1.myworkdayjobs.com/pimco-careers/job/Austin-TX-USA/XMLNAME-2027-Summer-Intern---Technology-Analyst--Software-Engineering_R106745
greenhouse:xantium:4360768009,Xantium,Quantitative Developer Intern,Summer 2027,False,,Internship,,Quant,"London, England, New York, New York",unknown,,,Python; C++,2026-08-17T16:10:20-04:00,exact,2026-08-18T10:02:09Z,https://job-boards.greenhouse.io/xantium/jobs/4360768009
greenhouse:xantium:4371217009,Xantium,Quantitative Researcher Intern,Summer 2027,False,,Internship,,Quant,"London, England, New York, New York",unknown,,,,2026-08-17T16:10:51-04:00,exact,2026-08-18T10:02:09Z,https://job-boards.greenhouse.io/xantium/jobs/4371217009
lever:acds:5a872bb7-8d9f-46e3-9e72-f5c69445e787,ACDS,Align AI Software Development Intern,Not stated,True,,Internship,,Data & ML/AI,"Bentonville, AR",unknown,,15 USD/hr,Python; TypeScript; JavaScript,2026-08-17T15:18:11Z,exact,2026-08-17T15:51:18Z,https://jobs.lever.co/acds/5a872bb7-8d9f-46e3-9e72-f5c69445e787
oracle:efet.fa.us2.oraclecloud.com:218257,Hilton Worldwide,2027 Corporate Summer Internship - Technology (Software Engineering and Cyber),Summer 2027,False,,Internship,,Security,"Memphis, TN, United States; McLean, VA, United States; Dallas, TX, United States",unknown,,$25/hr,,2026-08-17,date_only,2026-08-18T10:02:09Z,https://efet.fa.us2.oraclecloud.com/hcmUI/CandidateExperience/en/sites/CX_1009/job/218257
oracle:egug.fa.us2.oraclecloud.com:26010970,American Express,"Campus Undergraduate Summer Internship Program - 2027 Software Engineer, Technology - New York, NY",Summer 2027,False,,Internship,,Software,"New York, NY, United States",unknown,133,,Python; Java; C#; Go; TypeScript; JavaScript; Swift; Kotlin,2026-08-17,date_only,2026-08-17T21:50:30Z,https://egug.fa.us2.oraclecloud.com/hcmUI/CandidateExperience/en/sites/CX_1/job/26010970
oracle:egug.fa.us2.oraclecloud.com:26011082,American Express,"Campus Graduate Masters Summer Internship Program - 2027 Software Engineer, Enterprise Technology Services- New York, NY",Summer 2027,False,,Internship,,Software,"New York, NY, United States",unknown,133,,Python; Java; C#; Go; TypeScript; JavaScript; Swift; Kotlin,2026-08-17,date_only,2026-08-17T04:37:50Z,https://egug.fa.us2.oraclecloud.com/hcmUI/CandidateExperience/en/sites/CX_1/job/26011082
oracle:egug.fa.us2.oraclecloud.com:26011084,American Express,"Campus Graduate Masters Summer Internship Program - 2027 Software Engineer, Enterprise Technology Services- Sunrise, FL",Summer 2027,False,,Internship,,Software,"Sunrise, FL, United States",unknown,133,,Python; Java; C#; Go; TypeScript; JavaScript; Swift; Kotlin,2026-08-17,date_only,2026-08-17T21:50:30Z,https://egug.fa.us2.oraclecloud.com/hcmUI/CandidateExperience/en/sites/CX_1/job/26011084
oracle:egug.fa.us2.oraclecloud.com:26011679,American Express,"Campus Undergraduate Summer Internship Program - 2027 Software Engineer, Enterprise Technology Services- Charlotte, NC",Summer 2027,False,,Internship,,Software,"Charlotte, NC, United States",unknown,133,,Python; Java; C#; Go; TypeScript; JavaScript; Swift; Kotlin,2026-08-17,date_only,2026-08-17T17:56:46Z,https://egug.fa.us2.oraclecloud.com/hcmUI/CandidateExperience/en/sites/CX_1/job/26011679
oracle:egug.fa.us2.oraclecloud.com:26011698,American Express,"Campus Undergraduate Summer Internship Program - 2027 AI Engineer, Enterprise Technology Services- New York, NY",Summer 2027,False,,Internship,,Data & ML/AI,"New York, NY, United States",unknown,133,,Python; Java; JavaScript; SQL; LLMs,2026-08-17,date_only,2026-08-17T21:50:30Z,https://egug.fa.us2.oraclecloud.com/hcmUI/CandidateExperience/en/sites/CX_1/job/26011698
oracle:egug.fa.us2.oraclecloud.com:26011745,American Express,"Campus Undergraduate Summer Internship Program - 2027 AI Engineer, Enterprise Technology Services- Sunrise, FL",Summer 2027,False,,Internship,,Data & ML/AI,"Sunrise, FL, United States",unknown,133,,Python; Java; JavaScript; SQL; LLMs,2026-08-17,date_only,2026-08-17T21:50:30Z,https://egug.fa.us2.oraclecloud.com/hcmUI/CandidateExperience/en/sites/CX_1/job/26011745
oracle:egug.fa.us2.oraclecloud.com:26011781,American Express,"Campus Undergraduate Summer Internship Program - 2027 Software Engineer, Enterprise Technology Services- Phoenix, AZ",Summer 2027,False,,Internship,,Software,"Phoenix, AZ, United States",unknown,133,,Python; Java; C#; Go; TypeScript; JavaScript; Swift; Kotlin,2026-08-17,date_only,2026-08-17T23:49:43Z,https://egug.fa.us2.oraclecloud.com/hcmUI/CandidateExperience/en/sites/CX_1/job/26011781
oracle:egug.fa.us2.oraclecloud.com:26011784,American Express,"Campus Graduate Masters Summer Internship Program - 2027 Software Engineer, Enterprise Technology Services- Phoenix, AZ",Summer 2027,False,,Internship,,Software,"Phoenix, AZ, United States",unknown,133,,Python; Java; C#; Go; TypeScript; JavaScript; Swift; Kotlin,2026-08-17,date_only,2026-08-17T23:49:43Z,https://egug.fa.us2.oraclecloud.com/hcmUI/CandidateExperience/en/sites/CX_1/job/26011784
oracle:egug.fa.us2.oraclecloud.com:26011796,American Express,"Campus Undergraduate Summer Internship Program - 2027 AI Engineer, Enterprise Technology Services- Atlanta, GA",Summer 2027,False,,Internship,,Data & ML/AI,"Atlanta, GA, United States",unknown,133,,Python; Java; JavaScript; SQL; LLMs,2026-08-17,date_only,2026-08-17T21:50:30Z,https://egug.fa.us2.oraclecloud.com/hcmUI/CandidateExperience/en/sites/CX_1/job/26011796
oracle:egug.fa.us2.oraclecloud.com:26011878,American Express,"Campus Undergraduate Summer Internship Program - 2027 Cybersecurity Analyst, Enterprise Technology Services- New York, NY",Summer 2027,False,,Internship,,Security,"New York, NY, United States",unknown,133,,Python; Bash,2026-08-17,date_only,2026-08-17T23:49:43Z,https://egug.fa.us2.oraclecloud.com/hcmUI/CandidateExperience/en/sites/CX_1/job/26011878
oracle:egug.fa.us2.oraclecloud.com:26011893,American Express,"Campus Graduate Masters Summer Internship Program - 2027 Cybersecurity Analyst, Enterprise Technology Services- New York, NY",Summer 2027,False,,Internship,,Security,"New York, NY, United States",unknown,133,,Python; Bash,2026-08-17,date_only,2026-08-17T23:49:43Z,https://egug.fa.us2.oraclecloud.com/hcmUI/CandidateExperience/en/sites/CX_1/job/26011893
oracle:egug.fa.us2.oraclecloud.com:26011908,American Express,"Campus Undergraduate Summer Internship Program - 2027 Cybersecurity Analyst, Enterprise Technology Services- Atlanta, GA",Summer 2027,False,,Internship,,Security,"Atlanta, GA, United States",unknown,133,,Python; Bash,2026-08-17,date_only,2026-08-17T23:49:43Z,https://egug.fa.us2.oraclecloud.com/hcmUI/CandidateExperience/en/sites/CX_1/job/26011908
oracle:egug.fa.us2.oraclecloud.com:26011913,American Express,"Campus Graduate Masters Summer Internship Program - 2027 Cybersecurity Analyst, Enterprise Technology Services- Atlanta, GA",Summer 2027,False,,Internship,,Security,"Atlanta, GA, United States",unknown,133,,Python; Bash,2026-08-17,date_only,2026-08-17T23:49:43Z,https://egug.fa.us2.oraclecloud.com/hcmUI/CandidateExperience/en/sites/CX_1/job/26011913
oracle:egug.fa.us2.oraclecloud.com:26011914,American Express,"Campus Undergraduate Summer Internship Program - 2027 Cybersecurity Analyst, Enterprise Technology Services- Sunrise, FL",Summer 2027,False,,Internship,,Security,"Sunrise, FL, United States",unknown,133,,Python; Bash,2026-08-17,date_only,2026-08-17T23:49:43Z,https://egug.fa.us2.oraclecloud.com/hcmUI/CandidateExperience/en/sites/CX_1/job/26011914
oracle:egug.fa.us2.oraclecloud.com:26011987,American Express,"Campus Graduate Masters Summer Internship Program - 2027 Software Engineer, Enterprise Technology Services- Charlotte, NC",Summer 2027,False,,Internship,,Software,"Charlotte, NC, United States",unknown,133,,Python; Java; C#; Go; TypeScript; JavaScript; Swift; Kotlin,2026-08-17,date_only,2026-08-17T04:37:50Z,https://egug.fa.us2.oraclecloud.com/hcmUI/CandidateExperience/en/sites/CX_1/job/26011987
oracle:egug.fa.us2.oraclecloud.com:26011991,American Express,"Campus Graduate Masters Summer Internship Program - 2027 AI Engineer, Enterprise Technology Services- New York, NY",Summer 2027,False,,Internship,,Data & ML/AI,"New York, NY, United States",unknown,133,,Python; Java; JavaScript; SQL; LLMs,2026-08-17,date_only,2026-08-17T21:50:30Z,https://egug.fa.us2.oraclecloud.com/hcmUI/CandidateExperience/en/sites/CX_1/job/26011991
oracle:egug.fa.us2.oraclecloud.com:26011999,American Express,"Campus Graduate Masters Summer Internship Program - 2027 AI Engineer, Enterprise Technology Services- Sunrise, FL",Summer 2027,False,,Internship,,Data & ML/AI,"Sunrise, FL, United States",unknown,133,,Python; Java; JavaScript; SQL; LLMs,2026-08-17,date_only,2026-08-17T21:50:30Z,https://egug.fa.us2.oraclecloud.com/hcmUI/CandidateExperience/en/sites/CX_1/job/26011999
oracle:egug.fa.us2.oraclecloud.com:26012000,American Express,"Campus Graduate Masters Summer Internship Program - 2027 AI Engineer, Enterprise Technology Services- Atlanta, GA",Summer 2027,False,,Internship,,Data & ML/AI,"Atlanta, GA, United States",unknown,133,,Python; Java; JavaScript; SQL; LLMs,2026-08-17,date_only,2026-08-17T23:49:43Z,https://egug.fa.us2.oraclecloud.com/hcmUI/CandidateExperience/en/sites/CX_1/job/26012000
oracle:egug.fa.us2.oraclecloud.com:26012375,American Express,"Campus Undergraduate Summer Internship Program - 2027 AI Engineer, Enterprise Technology Services- Phoenix, AZ",Summer 2027,False,,Internship,,Data & ML/AI,"Phoenix, AZ, United States",unknown,133,,Python; Java; JavaScript; SQL; LLMs,2026-08-17,date_only,2026-08-17T23:49:43Z,https://egug.fa.us2.oraclecloud.com/hcmUI/CandidateExperience/en/sites/CX_1/job/26012375
oracle:egug.fa.us2.oraclecloud.com:26012392,American Express,"Campus Graduate Masters Summer Internship Program - 2027 AI Engineer, Enterprise Technology Services- Phoenix, AZ",Summer 2027,False,,Internship,,Data & ML/AI,"Phoenix, AZ, United States",unknown,133,,Python; Java; JavaScript; SQL; LLMs,2026-08-17,date_only,2026-08-17T22:52:14Z,https://egug.fa.us2.oraclecloud.com/hcmUI/CandidateExperience/en/sites/CX_1/job/26012392
oracle:egug.fa.us2.oraclecloud.com:26012444,American Express,"Campus Graduate Masters Summer Internship Program - 2027 Cybersecurity Analyst, Enterprise Technology Services- Sunrise, FL",Summer 2027,False,,Internship,,Security,"Sunrise, FL, United States",unknown,133,,Python; Bash,2026-08-17,date_only,2026-08-17T23:49:43Z,https://egug.fa.us2.oraclecloud.com/hcmUI/CandidateExperience/en/sites/CX_1/job/26012444
oracle:egug.fa.us2.oraclecloud.com:26012460,American Express,"Campus Undergraduate Summer Internship Program - 2027 Cybersecurity Analyst, Enterprise Technology Services- Phoenix, AZ",Summer 2027,False,,Internship,,Security,"Phoenix, AZ, United States",unknown,133,,Python; Bash,2026-08-17,date_only,2026-08-17T22:52:14Z,https://egug.fa.us2.oraclecloud.com/hcmUI/CandidateExperience/en/sites/CX_1/job/26012460
oracle:egug.fa.us2.oraclecloud.com:26012462,American Express,"Campus Graduate Masters Summer Internship Program - 2027 Cybersecurity Analyst, Enterprise Technology Services- Phoenix, AZ",Summer 2027,False,,Internship,,Security,"Phoenix, AZ, United States",unknown,133,,Python; Bash,2026-08-17,date_only,2026-08-17T22:52:14Z,https://egug.fa.us2.oraclecloud.com/hcmUI/CandidateExperience/en/sites/CX_1/job/26012462
workday:conagrabrands:/job/Omaha-Nebraska/IT-Infrastructure-Internship---Summer-2027_Req-039788,Conagra Brands,IT Infrastructure Internship - Summer 2027,Summer 2027,False,,Internship,,Software,"Omaha, Nebraska",unknown,14,,,2026-08-17T00:00:00Z,date_only,2026-08-17T21:50:30Z,https://conagrabrands.wd1.myworkdayjobs.com/Careers_US/job/Omaha-Nebraska/IT-Infrastructure-Internship---Summer-2027_Req-039788
workday:conagrabrands:/job/Omaha-Nebraska/Software-Development-Internship---Summer-2027_Req-039787,Conagra Brands,Software Development Internship - Summer 2027,Summer 2027,False,,Internship,,Software,"Omaha, Nebraska",unknown,14,$23/hr,Azure; Git,2026-08-17T00:00:00Z,date_only,2026-08-17T21:50:30Z,https://conagrabrands.wd1.myworkdayjobs.com/Careers_US/job/Omaha-Nebraska/Software-Development-Internship---Summer-2027_Req-039787
workday:intel:/job/US-California-Folsom/Software-Development-Graduate-Intern_JR0285451-1,Intel,Software Development Graduate Intern,Not stated,True,,Internship,,Software,"US, California, Folsom",unknown,4758,,Python; C++; PyTorch; TensorFlow; scikit-learn; LLMs; Linux,2026-08-17T00:00:00Z,date_only,2026-08-17T20:53:05Z,https://intel.wd1.myworkdayjobs.com/external/job/US-California-Folsom/Software-Development-Graduate-Intern_JR0285451-1
workday:keybank:/job/Brooklyn-OH/XMLNAME-2027-Summer-Key-Technology---Services--Cyber-Information-Security-Track-Internship--Cleveland_R-41384,KeyBank,2027 Summer Key Technology & Services: Cyber/Information Security Track Internship- Cleveland,Summer 2027,False,,Internship,,Security,"Brooklyn, OH",unknown,,$25/hr,Python; C#; JavaScript; SQL; HTML/CSS; GCP; Tableau,2026-08-17T00:00:00Z,date_only,2026-08-17T16:55:16Z,https://keybank.wd5.myworkdayjobs.com/External_Career_Site/job/Brooklyn-OH/XMLNAME-2027-Summer-Key-Technology---Services--Cyber-Information-Security-Track-Internship--Cleveland_R-41384
workday:vanguard:/job/Charlotte-NC/College-to-Corporate-IT-Internship---Data-Analyst--NC-_177677-1,Vanguard,College to Corporate IT Internship - Data Analyst (NC),Summer 2027,False,,Internship,,Data & ML/AI,"Charlotte, NC",unknown,,,,2026-08-17T00:00:00Z,date_only,2026-08-17T22:16:41Z,https://vanguard.wd5.myworkdayjobs.com/vanguard_external/job/Charlotte-NC/College-to-Corporate-IT-Internship---Data-Analyst--NC-_177677-1
workday:vanguard:/job/Charlotte-NC/College-to-Corporate-IT-Internship---Data-Science--NC-_177682-1,Vanguard,College to Corporate IT Internship - Data Science (NC),Summer 2027,False,,Internship,,Data & ML/AI,"Charlotte, NC",unknown,,,,2026-08-17T00:00:00Z,date_only,2026-08-17T20:53:05Z,https://vanguard.wd5.myworkdayjobs.com/vanguard_external/job/Charlotte-NC/College-to-Corporate-IT-Internship---Data-Science--NC-_177682-1
workday:vanguard:/job/Malvern-PA/College-to-Corporate-IT-Internship---Data-Science--PA-_177680-1,Vanguard,College to Corporate IT Internship - Data Science (PA),Summer 2027,False,,Internship,,Data & ML/AI,"Malvern, PA",unknown,,,,2026-08-17T00:00:00Z,date_only,2026-08-17T20:53:05Z,https://vanguard.wd5.myworkdayjobs.com/vanguard_external/job/Malvern-PA/College-to-Corporate-IT-Internship---Data-Science--PA-_177680-1
ashby:notion:3fba1c39-c5cb-47d7-9ad2-1cec4d7e9d0c,Notion,Software Engineer Intern (Summer 2027),Summer 2027,False,,Internship,,Software,"San Francisco, California",unknown,,$57/hr,Python; TypeScript; LLMs; React; Node.js,2026-08-14T19:07:13.459+00:00,exact,2026-08-14T19:50:41Z,https://jobs.ashbyhq.com/notion/3fba1c39-c5cb-47d7-9ad2-1cec4d7e9d0c
ashby:voleon:57f1b666-2f4b-4bad-aac0-fa42a1c8fdf6,The Voleon Group,Software Engineer Intern - (Summer 2027),Summer 2027,False,,Internship,,Software,"Berkeley, CA",unknown,,"$14,583 per month",Linux; Git,2026-08-14T20:19:32.967+00:00,exact,2026-08-25T14:42:24Z,https://jobs.ashbyhq.com/voleon/57f1b666-2f4b-4bad-aac0-fa42a1c8fdf6
greenhouse:freeformfuturecorp:7872198003,Freeform,Software Engineering Intern (Summer 2027),Summer 2027,False,,Internship,,Software,"Los Angeles, CA (On-site)",unknown,,$34/hr,C++; Linux,2026-08-14T20:52:46-04:00,exact,2026-08-15T02:02:40Z,https://job-boards.greenhouse.io/freeformfuturecorp/jobs/7872198003
greenhouse:thenuclearcompany:5391923008,The Nuclear Company,Summer 2027 AI Applied Research Internship,Summer 2027,False,,Internship,,Data & ML/AI,"Washington, DC",citizens-only,,,Python; PyTorch,2026-08-14T17:06:17-04:00,exact,2026-08-14T21:14:54Z,https://job-boards.greenhouse.io/thenuclearcompany/jobs/5391923008
greenhouse:transmarketgroup:5212335007,TransMarket Group,Software Engineering Intern,Not stated,True,,Internship,,Software,"Chicago, Illinois, United States",unknown,,,Python; C++; Linux,2026-08-14T11:18:03-04:00,exact,2026-08-14T16:20:12Z,https://job-boards.greenhouse.io/transmarketgroup/jobs/5212335007?gh_jid=5212335007
oracle:hctz.fa.us2.oraclecloud.com:2506307,onsemi,Fall 2026 - Tax AI and Automation Intern,Fall 2026,False,,Internship,,Data & ML/AI,"Scottsdale, AZ, United States",unknown,,,,2026-08-14,date_only,2026-08-14T21:53:57Z,https://hctz.fa.us2.oraclecloud.com/hcmUI/CandidateExperience/en/sites/CX_1001/job/2506307
workday:crowe:/job/Chicago-IL-USA/AI-Project-Coordinator-Intern_R-71007,Crowe,AI Project Coordinator Intern,Not stated,True,,Internship,,Data & ML/AI,Chicago IL USA,unknown,37,$27–$42/hr,LLMs; Azure,2026-08-14T00:00:00Z,date_only,2026-08-14T16:20:12Z,https://crowe.wd12.myworkdayjobs.com/external_careers/job/Chicago-IL-USA/AI-Project-Coordinator-Intern_R-71007
workday:crowe:/job/Chicago-IL-USA/Data-Analytics-Developer-Intern_R-71041,Crowe,Data Analytics Developer Intern,Not stated,True,,Internship,,Data & ML/AI,Chicago IL USA,unknown,37,$27–$42/hr,SQL; Azure; Tableau,2026-08-14T00:00:00Z,date_only,2026-08-14T19:50:41Z,https://crowe.wd12.myworkdayjobs.com/external_careers/job/Chicago-IL-USA/Data-Analytics-Developer-Intern_R-71041
workday:firstam:/job/USA-California-Remote/Software-Engineering-Intern_R058260,First American,Software Engineering Intern,Not stated,True,,Internship,yes,Software,"USA, California, Remote",unknown,,,Python; C#; TypeScript; SQL; React; AWS; Kubernetes; Git,2026-08-14T00:00:00Z,date_only,2026-08-14T23:48:19Z,https://firstam.wd1.myworkdayjobs.com/firstamericancareers/job/USA-California-Remote/Software-Engineering-Intern_R058260
workday:firstam:/job/USA-California-Remote/Software-Engineering-Intern_R058261,First American,Software Engineering Intern,Not stated,True,,Internship,yes,Software,"USA, California, Remote",unknown,,,Python; C#; TypeScript; SQL; React; AWS; Kubernetes; Git,2026-08-14T00:00:00Z,date_only,2026-08-14T22:53:26Z,https://firstam.wd1.myworkdayjobs.com/firstamericancareers/job/USA-California-Remote/Software-Engineering-Intern_R058261
workday:generac:/job/Reno-NV---USA/Intern-Firmware-Engineering_JR16149,Generac,Intern Firmware Engineering,Not stated,True,,Internship,,Hardware,"Reno, NV - USA",unknown,,,Python; C++; Git,2026-08-14T00:00:00Z,date_only,2026-08-14T17:24:26Z,https://generac.wd5.myworkdayjobs.com/external/job/Reno-NV---USA/Intern-Firmware-Engineering_JR16149
workday:motorolasolutions:/job/Plantation-FL/Android-Platform-Software-Engineering-Intern---Summer-2027_R67362-1,Motorola,Android Platform Software Engineering Intern - Summer 2027,Summer 2027,False,,Internship,,Software,"Plantation, FL, More...",citizens-only,,,Python; Java; C++; Linux,2026-08-14T00:00:00Z,date_only,2026-08-14T14:54:40Z,https://motorolasolutions.wd5.myworkdayjobs.com/Careers/job/Plantation-FL/Android-Platform-Software-Engineering-Intern---Summer-2027_R67362-1
workday:oneok:/job/Tulsa-OK/Cyber-Security-Intern---Tulsa--OK_R8449,ONEOK,"Cyber Security Intern - Tulsa, OK",Not stated,True,,Internship,,Security,"Tulsa, OK",unknown,,,,2026-08-14T00:00:00Z,date_only,2026-08-15T09:53:47Z,https://oneok.wd1.myworkdayjobs.com/ONEOK_Early_Careers/job/Tulsa-OK/Cyber-Security-Intern---Tulsa--OK_R8449
workday:valeo:/job/Troy-MI/Software-Engineer-Intern_REQ2026076575,Valeo,Software Engineer Intern,Not stated,True,,Internship,,Software,"Troy, MI",unknown,,,Python; C++; Linux,2026-08-14T00:00:00Z,date_only,2026-08-14T19:50:41Z,https://valeo.wd3.myworkdayjobs.com/valeo_jobs/job/Troy-MI/Software-Engineer-Intern_REQ2026076575
ashby:exa:a9e01521-66f1-481b-89da-ec01d4620f16,Exa Labs,"Software Engineer, Intern",Not stated,True,,Internship,,Software,"San Francisco, California",offers,,$100K – $200K,C++; Rust,2026-08-13T07:05:06.588+00:00,exact,2026-08-13T08:56:43Z,https://jobs.ashbyhq.com/exa/a9e01521-66f1-481b-89da-ec01d4620f16
smartrecruiters:Interco:744000143346169,Interco,Paid Internship -- Software Development -- React,Not stated,True,,Internship,,Software,"St. Louis, MO, United States",no-sponsorship,,$15/hr,React; JavaScript; HTML/CSS,2026-08-13T15:24:56.151Z,exact,2026-08-14T11:22:20Z,https://jobs.smartrecruiters.com/Interco/744000143346169
workable:connectprep:D1C67258C0,ConnectPrep,Data Analyst Internship,Not stated,True,,Internship,yes,Data & ML/AI,"Washington, District of Columbia, United States (Remote)",citizens-only,,,Python; SQL; Pandas; Tableau,2026-08-13T00:00:00.000Z,date_only,2026-08-13T03:45:30Z,https://apply.workable.com/connectprep/j/D1C67258C0/
workday:crowe:/job/Chicago-IL-USA/AI-Engineering-Intern_R-51782,Crowe,AI Engineering Intern,Not stated,True,,Internship,,Data & ML/AI,Chicago IL USA,unknown,37,$27–$42/hr,Python; PyTorch; TensorFlow; LLMs; AWS; GCP; Azure; Kubernetes,2026-08-13T00:00:00Z,date_only,2026-08-13T19:31:29Z,https://crowe.wd12.myworkdayjobs.com/external_careers/job/Chicago-IL-USA/AI-Engineering-Intern_R-51782
workday:crowe:/job/Chicago-IL-USA/AI-Functional-Intern_R-71008,Crowe,AI Functional Intern,Not stated,True,,Internship,,Data & ML/AI,Chicago IL USA,unknown,37,$27–$42/hr,LLMs; Azure,2026-08-13T00:00:00Z,date_only,2026-08-13T19:31:29Z,https://crowe.wd12.myworkdayjobs.com/external_careers/job/Chicago-IL-USA/AI-Functional-Intern_R-71008
workday:flir:/job/US---Huntsville-AL/NHRC-Software-Engineering-Internship--Summer-2027-_REQ36193,Teledyne,NHRC Software Engineering Internship (Summer 2027),Summer 2027,False,,Internship,,Software,"US - Huntsville, AL",citizens-only,,,Java; C++; C#; .NET; Azure,2026-08-13T00:00:00Z,date_only,2026-08-13T19:31:29Z,https://flir.wd1.myworkdayjobs.com/flircareers/job/US---Huntsville-AL/NHRC-Software-Engineering-Internship--Summer-2027-_REQ36193
workday:flir:/job/US---Huntsville-AL/NHRC-Software-Engineering-Internship--Summer-2027-_REQ36194-2,Teledyne,NHRC Software Engineering Internship (Summer 2027),Summer 2027,False,,Internship,,Software,"US - Huntsville, AL",citizens-only,,,Java; C++; C#; .NET; Azure,2026-08-13T00:00:00Z,date_only,2026-08-13T19:31:29Z,https://flir.wd1.myworkdayjobs.com/flircareers/job/US---Huntsville-AL/NHRC-Software-Engineering-Internship--Summer-2027-_REQ36194-2
oracle:eeho.fa.us2.oraclecloud.com:342415,Oracle,Platform Software Engineer 1 - Full-time Intern Conversion,Not stated,True,,Internship,,Software,United States,unknown,,,C++; JavaScript; SQL,2026-08-12,date_only,2026-08-12T22:05:13Z,https://eeho.fa.us2.oraclecloud.com/hcmUI/CandidateExperience/en/sites/CX_45001/job/342415
smartrecruiters:WesternDigital:744000143171017,Western Digital,Summer 2027 Intern - Software Engineering,Summer 2027,False,,Internship,,Software,"San Jose, CA, United States",unknown,,,Python; Java; C++; Go; JavaScript; SQL; Linux; Git,2026-08-12T19:38:42.100Z,exact,2026-08-12T20:42:58Z,https://jobs.smartrecruiters.com/WesternDigital/744000143171017
workday:americanfidelity:/job/Oklahoma-City-Oklahoma/Software-Dev-Internship_JR1005,American Fidelity,Software Dev Internship (OKC local only),Not stated,True,,Internship,,Software,"Oklahoma City, Oklahoma",unknown,,,,2026-08-12T00:00:00Z,date_only,2026-08-12T16:47:03Z,https://americanfidelity.wd5.myworkdayjobs.com/External/job/Oklahoma-City-Oklahoma/Software-Dev-Internship_JR1005
workday:gdit:/job/USA-MD-Annapolis-Junction/Summer-2027-Software-Developer-Internship_RQ225717-1,General Dynamics Information Technology,Summer 2027 Software Developer Internship,Summer 2027,False,,Internship,,Software,USA MD Annapolis Junction,citizens-only,28,,Python; Java; C++; Rust; TypeScript; JavaScript,2026-08-12T00:00:00Z,date_only,2026-08-12T14:20:21Z,https://gdit.wd5.myworkdayjobs.com/external_career_site/job/USA-MD-Annapolis-Junction/Summer-2027-Software-Developer-Internship_RQ225717-1
workday:globalhr:/job/US-IA-CEDAR-RAPIDS-137--855-35Th-St-NE--BLDG-137/Software-Engineering-Intern--Summer-2027-_01865875,RTX,Software Engineering Intern (Summer 2027),Summer 2027,False,,Internship,,Software,US-IA-CEDAR RAPIDS-137 ~ 855 35Th St NE ~ BLDG 137,citizens-only,,,Python; Rust,2026-08-12T00:00:00Z,date_only,2026-08-12T16:47:03Z,https://globalhr.wd5.myworkdayjobs.com/rec_rtx_ext_gateway/job/US-IA-CEDAR-RAPIDS-137--855-35Th-St-NE--BLDG-137/Software-Engineering-Intern--Summer-2027-_01865875
workday:marmon:/job/Chicago-IL/AI-Project-Management-Intern_JR0000045089-1,Marmon Holdings,AI Project Management Intern,Not stated,True,,Internship,,Data & ML/AI,"Chicago, IL",unknown,,,,2026-08-12T00:00:00Z,date_only,2026-08-12T14:20:21Z,https://marmon.wd501.myworkdayjobs.com/Marmon_Careers/job/Chicago-IL/AI-Project-Management-Intern_JR0000045089-1
workday:northwesternmutual:/job/Milwaukee-WI-Corporate/Public-Investments-Quantitative-Analyst-Intern--Summer-2027_JR-45807,Northwestern Mutual,"Public Investments Quantitative Analyst Intern, Summer 2027",Summer 2027,False,,Internship,,Quant,"Milwaukee, WI Corporate",unknown,,,Python; SQL; dbt; Snowflake; Tableau,2026-08-12T00:00:00Z,date_only,2026-08-12T20:42:58Z,https://northwesternmutual.wd5.myworkdayjobs.com/corporate-careers/job/Milwaukee-WI-Corporate/Public-Investments-Quantitative-Analyst-Intern--Summer-2027_JR-45807
smartrecruiters:BoschGroup:744000142898574,Bosch,"Powertrain Controls Software Engineering Intern (6-Months, Full-Time)",Not stated,True,,Internship,,Software,"Farmington Hills, MI, United States",unknown,188,,MATLAB; Linux,2026-08-11T14:49:56.410Z,exact,2026-08-11T15:29:27Z,https://jobs.smartrecruiters.com/BoschGroup/744000142898574
workday:bah:/job/McLean-VA/AI-RAN-Telecommunications-Engineer-Intern_R0246869,Booz Allen,AI RAN Telecommunications Engineer Intern,Not stated,True,,Internship,,Data & ML/AI,"McLean, VA",citizens-only,,$108k/yr,Python; C++; PyTorch; TensorFlow; Kubernetes,2026-08-11T00:00:00Z,date_only,2026-08-11T18:48:51Z,https://bah.wd1.myworkdayjobs.com/bah_jobs/job/McLean-VA/AI-RAN-Telecommunications-Engineer-Intern_R0246869
workday:copart:/job/Dallas-TX---Headquarters/Data-Analytics-Engineer-Intern_JR110584,Copart,Data Analytics Engineer Intern,Not stated,True,,Internship,,Data & ML/AI,"Dallas, TX - Headquarters",unknown,83,,,2026-08-11T00:00:00Z,relative_derived,2026-08-11T22:16:00Z,https://copart.wd12.myworkdayjobs.com/copart/job/Dallas-TX---Headquarters/Data-Analytics-Engineer-Intern_JR110584
workday:hp:/job/Spring-Texas-United-States-of-America/Enterprise-Operations-Software-Internship_3167271-2,Hewlett Packard (HP),Enterprise Operations Software Internship,Summer 2027,False,,Internship,,Software,"Spring, Texas, United States of America",no-sponsorship,,$31–$37/hr,Python; Java; C++; SQL; Swift; Kotlin; Ruby; Bash,2026-08-11T00:00:00Z,date_only,2026-08-11T23:14:04Z,https://hp.wd5.myworkdayjobs.com/ExternalCareerSite/job/Spring-Texas-United-States-of-America/Enterprise-Operations-Software-Internship_3167271-2
greenhouse:dvtrading:4719119005,DV Trading,Software Engineer Intern - Summer 2027 (DV Commodities),Summer 2027,False,,Internship,,Software,New York,unknown,,$50/hr,Python; C++,2026-08-10T18:40:33-04:00,exact,2026-08-10T23:08:13Z,https://job-boards.greenhouse.io/dvtrading/jobs/4719119005
oracle:fa-esgu-saasfaprod1.fa.ocs.oraclecloud.com:23339,Montenson,AI Intern,Summer 2027,False,,Internship,,Data & ML/AI,"MN, United States",no-sponsorship,,,LLMs; Computer Vision,2026-08-10,date_only,2026-08-10T16:43:21Z,https://fa-esgu-saasfaprod1.fa.ocs.oraclecloud.com/hcmUI/CandidateExperience/en/sites/CX_1/job/23339
workday:bah:/job/McLean-VA/AI-RAN-Telecommunications-Engineer-Intern_R0246415,Booz Allen,AI RAN Telecommunications Engineer Intern,Not stated,True,,Internship,,Data & ML/AI,"McLean, VA",citizens-only,,$108k/yr,Python; C++; PyTorch; TensorFlow; Kubernetes,2026-08-10T00:00:00Z,date_only,2026-08-10T18:45:54Z,https://bah.wd1.myworkdayjobs.com/bah_jobs/job/McLean-VA/AI-RAN-Telecommunications-Engineer-Intern_R0246415
workday:canadiansolar:/job/Walnut-Creek-CA/Intern--IT-Infrastructure-Support_10001383,Canadian Solar,"Intern, IT Infrastructure Support",Not stated,True,,Internship,,Software,"Walnut Creek, CA",unknown,,$20–$25/hr,Azure,2026-08-10T00:00:00Z,date_only,2026-08-10T17:48:11Z,https://canadiansolar.wd5.myworkdayjobs.com/CanadianSolar/job/Walnut-Creek-CA/Intern--IT-Infrastructure-Support_10001383
workday:ing:/job/New-York/Summer-2027-Internship---Tech--Information-Security-_REQ-10119620,ING,Summer 2027 Internship - Tech (Information Security),Summer 2027,False,,Internship,,Security,New York,unknown,,$35/hr,Python,2026-08-10T00:00:00Z,date_only,2026-08-10T14:17:59Z,https://ing.wd3.myworkdayjobs.com/icsgblcor/job/New-York/Summer-2027-Internship---Tech--Information-Security-_REQ-10119620
workday:ing:/job/New-York/Summer-2027-Internship---Tech--Infrastructure-_REQ-10119621,ING,Summer 2027 Internship - Tech (Infrastructure),Summer 2027,False,,Internship,,Software,New York,unknown,,$35/hr,Python; Azure; Git,2026-08-10T00:00:00Z,date_only,2026-08-10T14:17:59Z,https://ing.wd3.myworkdayjobs.com/icsgblcor/job/New-York/Summer-2027-Internship---Tech--Infrastructure-_REQ-10119621
greenhouse:thenuclearcompany:5383163008,The Nuclear Company,Fall 2026 AI/ML Engineering Intern,Fall 2026,False,,Internship,,Data & ML/AI,"Washington, DC",citizens-only,,,Python; PyTorch; LLMs; AWS,2026-08-07T14:09:12-04:00,exact,2026-08-07T18:45:14Z,https://job-boards.greenhouse.io/thenuclearcompany/jobs/5383163008
greenhouse:thenuclearcompany:5383231008,The Nuclear Company,Summer 2027 AI/ML Engineering Intern,Summer 2027,False,,Internship,,Data & ML/AI,"Washington, DC",citizens-only,,,Python; PyTorch; LLMs; AWS,2026-08-07T14:07:45-04:00,exact,2026-08-07T18:45:14Z,https://job-boards.greenhouse.io/thenuclearcompany/jobs/5383231008
greenhouse:thenuclearcompany:5383236008,The Nuclear Company,Summer 2027 Software Engineering Intern,Summer 2027,False,,Internship,,Software,"Washington, DC",citizens-only,,,Python; Java; C++; Rust; TypeScript; LLMs; AWS,2026-08-07T14:08:35-04:00,exact,2026-08-07T18:45:14Z,https://job-boards.greenhouse.io/thenuclearcompany/jobs/5383236008
greenhouse:thenuclearcompany:5383244008,The Nuclear Company,Summer 2027 Data Science Intern,Summer 2027,False,,Internship,,Data & ML/AI,"Washington, DC",citizens-only,,,Python; SQL; scikit-learn; Pandas; AWS,2026-08-07T14:08:02-04:00,exact,2026-08-07T18:45:14Z,https://job-boards.greenhouse.io/thenuclearcompany/jobs/5383244008
workday:copart:/job/Dallas-TX---Headquarters/Database-Engineering-Intern_JR109636,Copart,Database Engineering Intern,Not stated,True,,Internship,,Software,"Dallas, TX - Headquarters",unknown,83,,Python; JavaScript; SQL; Pandas; HTML/CSS; Django; Flask; Linux,2026-08-07T00:00:00Z,date_only,2026-08-07T17:47:50Z,https://copart.wd12.myworkdayjobs.com/copart/job/Dallas-TX---Headquarters/Database-Engineering-Intern_JR109636
workday:copart:/job/Dallas-TX---Headquarters/Software-Engineering-Intern_JR101510,Copart,Software Engineering Intern,Not stated,True,,Internship,,Software,"Dallas, TX - Headquarters",unknown,83,,Python; Java; TypeScript; JavaScript; SQL; LLMs; React; Next.js,2026-08-07T00:00:00Z,date_only,2026-08-07T17:47:50Z,https://copart.wd12.myworkdayjobs.com/copart/job/Dallas-TX---Headquarters/Software-Engineering-Intern_JR101510
workday:gdit:/job/USA-VA-Falls-Church/Summer-2027-AI-Machine-Learning-Internship--DC-Metro-Area_RQ225912,General Dynamics Information Technology,PTOC  AI/Machine Learning Internship -DC Metro Area,Summer 2027,False,,Internship,,Data & ML/AI,USA VA Falls Church,citizens-only,28,,Python,2026-08-07T00:00:00Z,date_only,2026-08-07T20:39:05Z,https://gdit.wd5.myworkdayjobs.com/external_career_site/job/USA-VA-Falls-Church/Summer-2027-AI-Machine-Learning-Internship--DC-Metro-Area_RQ225912
workday:jj:/job/Cincinnati-Ohio-United-States-of-America/Software-Engineer-Coop_R-092820,Johnson & Johnson,Software Engineer Coop,Fall 2026,False,,Co-op,,Software,"Cincinnati, Ohio, United States of America",no-sponsorship,8,,Python; C++; Linux,2026-08-07T00:00:00Z,date_only,2026-08-07T17:47:50Z,https://jj.wd5.myworkdayjobs.com/JJ/job/Cincinnati-Ohio-United-States-of-America/Software-Engineer-Coop_R-092820
ashby:centerfield:1d7eacc1-37f7-478c-9b0a-fa7974f1a9e4,Centerfield,Frontend Engineer Intern (6 month internship),Not stated,True,,Internship,,Software,"Los Angeles, California",unknown,,$30 per hour,Java; TypeScript; JavaScript; React; Next.js; Node.js; HTML/CSS; AWS,2026-08-06T20:03:54.164+00:00,exact,2026-08-07T00:29:49Z,https://jobs.ashbyhq.com/centerfield/1d7eacc1-37f7-478c-9b0a-fa7974f1a9e4
oracle:fa-evmr-saasfaprod1.fa.ocs.oraclecloud.com:39284,Nokia,AI R&D Engineer Co-op,Not stated,True,,Co-op,,Data & ML/AI,United States,unknown,,,PyTorch; TensorFlow; Kafka,2026-08-06,date_only,2026-08-07T00:29:49Z,https://fa-evmr-saasfaprod1.fa.ocs.oraclecloud.com/hcmUI/CandidateExperience/en/sites/CX_1/job/39284
oracle:fa-evmr-saasfaprod1.fa.ocs.oraclecloud.com:39285,Nokia,AI R&D Engineer Co-op,Not stated,True,,Co-op,,Data & ML/AI,United States,unknown,,,PyTorch; TensorFlow; Kafka,2026-08-06,date_only,2026-08-07T00:29:49Z,https://fa-evmr-saasfaprod1.fa.ocs.oraclecloud.com/hcmUI/CandidateExperience/en/sites/CX_1/job/39285
oracle:fa-evmr-saasfaprod1.fa.ocs.oraclecloud.com:39286,Nokia,AI R&D Engineer Co-op,Not stated,True,,Co-op,,Data & ML/AI,United States,unknown,,,PyTorch; TensorFlow; Kafka,2026-08-06,date_only,2026-08-07T00:29:49Z,https://fa-evmr-saasfaprod1.fa.ocs.oraclecloud.com/hcmUI/CandidateExperience/en/sites/CX_1/job/39286
oracle:fa-evmr-saasfaprod1.fa.ocs.oraclecloud.com:39287,Nokia,AI R&D Engineering Co-op,Not stated,True,,Co-op,,Data & ML/AI,United States,unknown,,,PyTorch; TensorFlow; Kafka,2026-08-06,date_only,2026-08-07T00:29:49Z,https://fa-evmr-saasfaprod1.fa.ocs.oraclecloud.com/hcmUI/CandidateExperience/en/sites/CX_1/job/39287
oracle:fa-evmr-saasfaprod1.fa.ocs.oraclecloud.com:39288,Nokia,AI R&D Engineering Co-op,Not stated,True,,Co-op,,Data & ML/AI,United States,unknown,,,PyTorch; TensorFlow; Kafka,2026-08-06,date_only,2026-08-07T00:29:49Z,https://fa-evmr-saasfaprod1.fa.ocs.oraclecloud.com/hcmUI/CandidateExperience/en/sites/CX_1/job/39288
workday:gdit:/job/USA-MD-Annapolis-Junction/Summer-2027-Software-Developer-Internship_RQ225450-1,General Dynamics Information Technology,Summer 2027 Software Developer Internship,Summer 2027,False,,Internship,,Software,USA MD Annapolis Junction,citizens-only,28,,Python; Java; C++; Rust; TypeScript; JavaScript,2026-08-06T00:00:00Z,date_only,2026-08-07T10:45:44Z,https://gdit.wd5.myworkdayjobs.com/external_career_site/job/USA-MD-Annapolis-Junction/Summer-2027-Software-Developer-Internship_RQ225450-1
workday:gdit:/job/USA-MD-Annapolis-Junction/Summer-2027-Software-Developer-Internship_RQ225456-1,General Dynamics Information Technology,Summer 2027 Software Developer Internship,Summer 2027,False,,Internship,,Software,USA MD Annapolis Junction,citizens-only,28,,Python; Java; C++; Rust; TypeScript; JavaScript,2026-08-06T00:00:00Z,date_only,2026-08-07T10:45:44Z,https://gdit.wd5.myworkdayjobs.com/external_career_site/job/USA-MD-Annapolis-Junction/Summer-2027-Software-Developer-Internship_RQ225456-1
workday:gdit:/job/USA-MD-Annapolis-Junction/Summer-2027-Software-Developer-Internship_RQ225469-1,General Dynamics Information Technology,Summer 2027 Software Developer Internship,Summer 2027,False,,Internship,,Software,USA MD Annapolis Junction,citizens-only,28,,Python; Java; C++; Rust; TypeScript; JavaScript,2026-08-06T00:00:00Z,date_only,2026-08-07T10:45:44Z,https://gdit.wd5.myworkdayjobs.com/external_career_site/job/USA-MD-Annapolis-Junction/Summer-2027-Software-Developer-Internship_RQ225469-1
workday:kbr:/job/Houston-Texas/Software-Intern_R2127863,KBR,Software Intern,Not stated,True,,Internship,,Software,"Houston, Texas",unknown,12,,Python; C#; JavaScript; HTML/CSS,2026-08-06T00:00:00Z,date_only,2026-08-06T14:08:27Z,https://kbr.wd5.myworkdayjobs.com/KBR_Careers/job/Houston-Texas/Software-Intern_R2127863
workday:warnerbros:/job/CA-Burbank-Bldg-700-Second-Century-Tower-1/Bleacher-Report-Social-Programming-Intern--LA---Fall-2026_R000107469,Warner Bros.,Bleacher Report Social Programming Intern: LA - Fall 2026,Fall 2026,False,,Internship,,Software,"CA Burbank Bldg. 700, Second Century, Tower 1",unknown,,$19/hr,,2026-08-06T00:00:00Z,date_only,2026-08-07T00:29:49Z,https://warnerbros.wd5.myworkdayjobs.com/global/job/CA-Burbank-Bldg-700-Second-Century-Tower-1/Bleacher-Report-Social-Programming-Intern--LA---Fall-2026_R000107469
greenhouse:roblox:8072713,Roblox,[Summer 2027] Software Engineer Intern,Summer 2027,False,,Internship,,Software,"San Mateo, CA, United States",unknown,186,,Python; Java; C++; C#; Swift; Ruby; LLMs; Node.js,2026-08-05T12:03:16-04:00,exact,2026-08-05T16:21:44Z,https://careers.roblox.com/jobs/8072713?gh_jid=8072713
workday:gdit:/job/USA-VA-Falls-Church---3150-Fairview-Park-Dr-VAS095/GDIT-2027-Summer-AI---ML-Internship_RQ225401,General Dynamics Information Technology,GDIT 2027 Summer AI / ML Internship,Summer 2027,False,,Internship,,Data & ML/AI,USA VA Falls Church - 3150 Fairview Park Dr (VAS095),citizens-only,28,,,2026-08-05T00:00:00Z,date_only,2026-08-07T10:45:44Z,https://gdit.wd5.myworkdayjobs.com/external_career_site/job/USA-VA-Falls-Church---3150-Fairview-Park-Dr-VAS095/GDIT-2027-Summer-AI---ML-Internship_RQ225401
workday:nvidia:/job/US-CA-Santa-Clara/Software-Engineering-Intern--Dynamo---Fall-2026_JR2022295,NVIDIA,"Software Engineering Intern, Dynamo - Fall 2026",Fall 2026,False,,Internship,,Software,"US, CA, Santa Clara",unknown,1526,,Python; Go; Rust; LLMs; Kubernetes; Git,2026-08-05T00:00:00Z,date_only,2026-08-05T20:13:06Z,https://nvidia.wd5.myworkdayjobs.com/NVIDIAExternalCareerSite/job/US-CA-Santa-Clara/Software-Engineering-Intern--Dynamo---Fall-2026_JR2022295
lever:belvederetrading:10746b3d-1760-4573-9b63-b93f5a5e4fc0,Belvedere Trading,Software Engineer Intern - Summer 2027,Summer 2027,False,,Internship,,Software,"Chicago, Illinois",unknown,,"130,000 USD/yr",Java; C++; C#,2026-08-04T17:01:40Z,exact,2026-08-07T17:47:50Z,https://jobs.lever.co/belvederetrading/10746b3d-1760-4573-9b63-b93f5a5e4fc0
lever:belvederetrading:cbde47db-c60b-4339-a8f4-a8e4f30505ab,Belvedere Trading,Quantitative Trading Intern - Summer 2027,Summer 2027,False,,Internship,,Quant,"Chicago, Illinois",unknown,,"140,000 USD/yr",Python; C++; C#,2026-08-04T17:27:58Z,exact,2026-08-07T17:47:50Z,https://jobs.lever.co/belvederetrading/cbde47db-c60b-4339-a8f4-a8e4f30505ab
lever:diversified-automation:827a092d-b8a3-4ca9-a84a-e8c236d1aabc,Diversified Automation,Software Engineering Co-op,Not stated,True,,Co-op,,Software,"Louisville, KY",unknown,,,,2026-08-04T14:16:00Z,exact,2026-08-04T16:34:38Z,https://jobs.lever.co/diversified-automation/827a092d-b8a3-4ca9-a84a-e8c236d1aabc
oracle:jpmc.fa.oraclecloud.com:210774038,JPMorganChase,2027 Quantitative Research – Markets – Summer Internship - Analyst – United States,Summer 2027,False,,Internship,,Quant,"New York, NY, United States",unknown,4656,,Python; C++,2026-08-04,date_only,2026-08-07T00:49:01Z,https://jpmc.fa.oraclecloud.com/hcmUI/CandidateExperience/en/sites/CX_1/job/210774038
oracle:jpmc.fa.oraclecloud.com:210774061,JPMorganChase,2027 Quantitative Research – Markets – Summer Internship - Associate– United States,Summer 2027,False,,Internship,,Quant,"New York, NY, United States",unknown,4656,,Python; C++,2026-08-04,date_only,2026-08-07T00:49:01Z,https://jpmc.fa.oraclecloud.com/hcmUI/CandidateExperience/en/sites/CX_1/job/210774061
oracle:jpmc.fa.oraclecloud.com:210774074,JPMorganChase,2027 Quantitative Research – Asset Management – Summer Internship – Analyst - United States,Summer 2027,False,,Internship,,Quant,"New York, NY, United States",unknown,4656,,Python; Java; C++; SQL; MATLAB; Tableau,2026-08-04,date_only,2026-08-07T00:49:01Z,https://jpmc.fa.oraclecloud.com/hcmUI/CandidateExperience/en/sites/CX_1/job/210774074
workday:thales:/job/Texas/AppSec-Product-Support-Intern_R0328978-1,Thales,AppSec Product Support Intern,Not stated,True,,Internship,,Security,Texas,unknown,,,,2026-08-04T00:00:00Z,date_only,2026-08-04T18:17:11Z,https://thales.wd3.myworkdayjobs.com/careers/job/Texas/AppSec-Product-Support-Intern_R0328978-1
oracle:jpmc.fa.oraclecloud.com:210773759,JPMorganChase,Code for Good Hackathon - Software Engineer Program - 2027 Summer Internship – United States,Summer 2027,False,,Internship,,Software,"Chicago, IL, United States; Columbus, OH, United States; Houston, TX, United States; Jersey City, NJ, United States; New York, NY, United States; Palo Alto, CA, United States; Plano, TX, United States; Wilmington, DE, United States; Tampa, FL, United States",unknown,4656,,,2026-08-03,date_only,2026-08-03T06:26:44Z,https://jpmc.fa.oraclecloud.com/hcmUI/CandidateExperience/en/sites/CX_1/job/210773759
oracle:jpmc.fa.oraclecloud.com:210773869,JPMorganChase,2027 Data & AI Program - Summer Internship - Analyst - United States,Summer 2027,False,,Internship,,Data & ML/AI,"Chicago, IL, United States; Columbus, OH, United States; Wilmington, DE, United States; Plano, TX, United States; New York, NY, United States; Jersey City, NJ, United States; Newark, DE, United States; Palo Alto, CA, United States",unknown,4656,,Python; SQL; LLMs; AWS; Databricks; Snowflake,2026-08-03,date_only,2026-08-03T06:26:44Z,https://jpmc.fa.oraclecloud.com/hcmUI/CandidateExperience/en/sites/CX_1/job/210773869
oracle:jpmc.fa.oraclecloud.com:210773978,JPMorganChase,2027 Quantitative Research - Risk and Treasury - Summer Internship - Associate - United States,Summer 2027,False,,Internship,,Quant,"New York, NY, United States; Plano, TX, United States; Chicago, IL, United States",unknown,4656,,Python; C++; SQL; MATLAB,2026-08-03,date_only,2026-08-07T00:49:01Z,https://jpmc.fa.oraclecloud.com/hcmUI/CandidateExperience/en/sites/CX_1/job/210773978
oracle:jpmc.fa.oraclecloud.com:210775223,JPMorganChase,Data for Good Hackathon - Data & AI Program - 2027 Summer Internship - United States,Summer 2027,False,,Internship,,Data & ML/AI,"Chicago, IL, United States; Columbus, OH, United States; Wilmington, DE, United States; Plano, TX, United States; New York, NY, United States; Jersey City, NJ, United States; Palo Alto, CA, United States; Newark, DE, United States",unknown,4656,,Python; SQL; LLMs; AWS; Databricks; Snowflake,2026-08-03,date_only,2026-08-03T06:26:44Z,https://jpmc.fa.oraclecloud.com/hcmUI/CandidateExperience/en/sites/CX_1/job/210775223
smartrecruiters:BoschGroup:744000141302469,Bosch,AI and SW Development Engineering Intern,Not stated,True,,Internship,,Data & ML/AI,"Plymouth, MI, United States",unknown,188,,Python; C++; Computer Vision; Git,2026-08-03T15:51:53.799Z,exact,2026-08-03T16:08:36Z,https://jobs.smartrecruiters.com/BoschGroup/744000141302469
workday:cnoinc:/job/Carmel-IN/Artificial-Intelligence--AI--IT-Intern-2027---REMOTE_JR170389,CNO Financial Group,Artificial Intelligence (AI) IT Intern 2027 - REMOTE,Summer 2027,False,,Internship,yes,Data & ML/AI,"Carmel, IN",unknown,,,,2026-08-03T00:00:00Z,date_only,2026-08-03T23:04:30Z,https://cnoinc.wd5.myworkdayjobs.com/Careers/job/Carmel-IN/Artificial-Intelligence--AI--IT-Intern-2027---REMOTE_JR170389
workday:idexx:/job/Westbrook-ME/Security-Operations--Cybersecurity--internship_J-053268,IDEXX,Security Operations (Cybersecurity) internship,Not stated,True,,Internship,,Security,"Westbrook, ME",unknown,,$20–$30/hr,,2026-08-03T00:00:00Z,date_only,2026-08-03T21:45:12Z,https://idexx.wd1.myworkdayjobs.com/IDEXX/job/Westbrook-ME/Security-Operations--Cybersecurity--internship_J-053268
workday:microchiphr:/job/TX---Houston---Compaq-Center-Dr/Intern-Engineering--Firmware-Development-_R3372-26,Microchip Technology,Intern-Engineering (Firmware Development),Not stated,True,,Internship,,Hardware,TX - Houston - Compaq Center Dr,unknown,143,,Python; Java; C++; C#; JavaScript; Linux,2026-08-03T00:00:00Z,date_only,2026-08-03T18:22:46Z,https://microchiphr.wd5.myworkdayjobs.com/external/job/TX---Houston---Compaq-Center-Dr/Intern-Engineering--Firmware-Development-_R3372-26
workday:pentair:/job/Golden-Valley-MN/IT---Cybersecurity-Leadership-Development-Internship-Program----Summer-2027_R23700,Pentair,IT & Cybersecurity Leadership Development Internship Program -  Summer 2027,Summer 2027,False,,Internship,,Security,"Golden Valley, MN",no-sponsorship,,$31/hr,,2026-08-03T00:00:00Z,date_only,2026-08-04T11:45:26Z,https://pentair.wd5.myworkdayjobs.com/pentair_careers/job/Golden-Valley-MN/IT---Cybersecurity-Leadership-Development-Internship-Program----Summer-2027_R23700
ashby:yotta:09821a51-fbe6-42a7-a566-0d2b5d40fae3,Yotta Labs,Research Engineer Intern - AI Systems,Not stated,True,,Internship,,Data & ML/AI,United States,unknown,,,Python; C++; PyTorch; LLMs; CUDA; AWS; Git,2026-08-02T16:29:42.695+00:00,exact,2026-08-03T13:31:00Z,https://jobs.ashbyhq.com/yotta/09821a51-fbe6-42a7-a566-0d2b5d40fae3
workday:copart:/job/Dallas-TX---Headquarters/Software-Engineering-Intern_JR110353,Copart,Software Engineering Intern,Not stated,True,,Internship,,Software,"Dallas, TX - Headquarters",unknown,83,,Python; Java; TypeScript; JavaScript; SQL; LLMs; React; Next.js,2026-08-02T00:00:00Z,date_only,2026-08-03T06:26:44Z,https://copart.wd12.myworkdayjobs.com/copart/job/Dallas-TX---Headquarters/Software-Engineering-Intern_JR110353
greenhouse:hyannisportresearch:7822989003,HPR (Hyannis Port Research),Software Engineering Intern - Summer 2027,Summer 2027,False,,Internship,,Software,"Needham, MA",unknown,,$42/hr,Python; Java; Bash; Linux,2026-08-01T12:00:00-04:00,exact,2026-08-01T16:05:59Z,https://job-boards.greenhouse.io/hyannisportresearch/jobs/7822989003
ashby:heliux:ff2b6f4b-00d0-4afe-b4f5-2dbf443409ef,Heliux,"Software Engineer (Internship, Summer 2027)",Summer 2027,False,,Internship,,Software,"HQ (San Francisco, CA)",unknown,,,Python; Java; Rust; TypeScript,2026-07-31T01:21:06.637+00:00,exact,2026-07-31T12:01:37Z,https://jobs.ashbyhq.com/heliux/ff2b6f4b-00d0-4afe-b4f5-2dbf443409ef
ashby:melius:b61f063a-4f94-4e50-a4ef-05aaab552280,Melius,Software Engineering Intern [Spring/Summer 2027],Summer 2027,False,,Internship,,Software,New York City,unknown,,$11K per month,TypeScript; LLMs; React; Next.js; PostgreSQL,2026-07-31T14:00:47.682+00:00,exact,2026-07-31T16:05:57Z,https://jobs.ashbyhq.com/melius/b61f063a-4f94-4e50-a4ef-05aaab552280
workday:intel:/job/Virtual-US/AI-Software-Engineer-Graduate-Intern_JR0285989,Intel,AI Software Engineer Graduate Intern,Not stated,True,,Internship,,Data & ML/AI,Virtual US,unknown,4758,,Python; C++; PyTorch; TensorFlow,2026-07-31T00:00:00Z,date_only,2026-07-31T17:53:42Z,https://intel.wd1.myworkdayjobs.com/external/job/Virtual-US/AI-Software-Engineer-Graduate-Intern_JR0285989
workday:psecu:/job/Harrisburg-PA/Data-Analyst-Intern_JR100964,PSECU,Data Analyst Intern,Not stated,True,,Internship,,Data & ML/AI,"Harrisburg, PA",unknown,,,Python; SQL; Tableau,2026-07-31T00:00:00Z,date_only,2026-07-31T17:53:42Z,https://psecu.wd12.myworkdayjobs.com/PSECU/job/Harrisburg-PA/Data-Analyst-Intern_JR100964
ashby:melius:6a944911-dbbf-44c7-ba52-7866f7b433cf,Melius,Software Engineering Intern [Fall/Winter 2026],Fall 2026,False,,Internship,,Software,New York City,unknown,,$11K per month,TypeScript; LLMs; React; Next.js; PostgreSQL,2026-07-30T22:52:54.653+00:00,exact,2026-07-31T12:01:37Z,https://jobs.ashbyhq.com/melius/6a944911-dbbf-44c7-ba52-7866f7b433cf
smartrecruiters:BoschGroup:744000140462550,Bosch,Autonomous Driving – Internship in Machine Learning,Not stated,True,,Internship,,Data & ML/AI,"Sunnyvale, CA, United States",unknown,188,$34–$68/hr,Python; PyTorch; Azure; Linux,2026-07-29T13:15:12.980Z,exact,2026-07-29T14:07:26Z,https://jobs.smartrecruiters.com/BoschGroup/744000140462550
workday:leidos:/job/Indianapolis-IN/Application-Developer-Intern_R-00188193-1,Leidos,Application Developer Intern,Not stated,True,,Internship,,Software,"Indianapolis, IN",citizens-only,79,,Python; JavaScript; SQL; React; HTML/CSS; Flask; AWS; Azure,2026-07-29T00:00:00Z,date_only,2026-07-29T19:13:50Z,https://leidos.wd5.myworkdayjobs.com/External/job/Indianapolis-IN/Application-Developer-Intern_R-00188193-1
ashby:modal:38888294-6bc7-4dab-b072-6d0f0c2ed79a,Modal,ML Research Intern,Not stated,True,,Internship,,Data & ML/AI,New York,unknown,,$15K per month,Git,2026-07-28T22:02:03.674+00:00,exact,2026-07-28T23:15:17Z,https://jobs.ashbyhq.com/modal/38888294-6bc7-4dab-b072-6d0f0c2ed79a
smartrecruiters:BoschGroup:744000140317669,Bosch,ADAS Software Engineering Intern,Not stated,True,,Internship,,Software,"Plymouth, MI, United States",unknown,188,,Python; C++; Computer Vision,2026-07-28T18:08:13.470Z,exact,2026-07-28T18:17:40Z,https://jobs.smartrecruiters.com/BoschGroup/744000140317669
greenhouse:appian:8088496,Appian,Information Security Engineer Intern,Summer 2027,False,,Internship,,Security,"McLean, Virginia",no-sponsorship,44,$50/hr,LLMs,2026-07-27T10:49:22-04:00,exact,2026-07-27T16:20:26Z,https://job-boards.greenhouse.io/appian/jobs/8088496
smartrecruiters:BoschGroup:744000140089589,Bosch,Powertrain Controls Software Engineering Intern (6-Months),Not stated,True,,Internship,,Software,"Farmington Hills, MI, United States",unknown,188,,MATLAB; Linux,2026-07-27T20:32:15.437Z,exact,2026-07-27T20:41:58Z,https://jobs.smartrecruiters.com/BoschGroup/744000140089589
ashby:quadrillion-labs:a4acc44c-31ce-41a0-ab44-2500487b4d05,Quadrillion,Software Engineering Intern (Summer 2027),Summer 2027,False,,Internship,,Software,New York City,unknown,,$4K – $6K per week,Python; Pandas; React,2026-07-24T03:24:43.068+00:00,exact,2026-07-24T05:51:03Z,https://jobs.ashbyhq.com/quadrillion-labs/a4acc44c-31ce-41a0-ab44-2500487b4d05
greenhouse:pdtpartners:8077685,PDT Partners,Summer 2027 Software Engineering Intern,Summer 2027,False,,Internship,,Software,"New York, NY",unknown,4,,,2026-07-24T16:16:09-04:00,exact,2026-07-25T10:40:34Z,https://job-boards.greenhouse.io/pdtpartners/jobs/8077685
smartrecruiters:BoschGroup:744000139649345,Bosch,Autonomous Driving – Internship in Machine Learning,Not stated,True,,Internship,,Data & ML/AI,"Sunnyvale, CA, United States",unknown,188,$34–$68/hr,Python; PyTorch; Azure; Linux,2026-07-24T16:12:25.654Z,exact,2026-07-24T16:37:05Z,https://jobs.smartrecruiters.com/BoschGroup/744000139649345
greenhouse:appian:8041237,Appian,Software Engineering Intern,Summer 2027,False,,Internship,,Software,"McLean, Virginia",no-sponsorship,44,$50/hr,LLMs,2026-07-23T14:40:08-04:00,exact,2026-07-23T19:12:57Z,https://job-boards.greenhouse.io/appian/jobs/8041237
greenhouse:tenstorrentuniversity:5186916007,Tenstorrent,"Software Engineering Intern, Power Modeling & AI Tools",Not stated,True,,Internship,,Data & ML/AI,"Santa Clara, California, United States",unknown,,$50/hr,Python; SQL; LLMs; Git,2026-07-23T14:30:30-04:00,exact,2026-07-23T19:12:57Z,https://job-boards.greenhouse.io/tenstorrentuniversity/jobs/5186916007
smartrecruiters:RedBull:744000139168339,Red Bull,"2026 Internship, Fall - Data Science",Fall 2026,False,,Internship,,Data & ML/AI,"Morristown, NJ, United States",unknown,,,SQL,2026-07-22T23:29:11.460Z,exact,2026-08-07T00:49:01Z,https://jobs.smartrecruiters.com/RedBull/744000139168339
workable:pony-dot-ai:4C1F53EF5D,Pony.ai,Research Intern - Deep Learning,Not stated,True,,Internship,,Data & ML/AI,"Fremont, California, United States",unknown,35,,Python; C++; LLMs; CUDA,2026-07-22T00:00:00.000Z,date_only,2026-07-22T21:06:13Z,https://apply.workable.com/pony-dot-ai/j/4C1F53EF5D/
workable:pony-dot-ai:BA5FFDBC71,Pony.ai,Software Engineer Intern - Generalist,Not stated,True,,Internship,,Software,"Fremont, California, United States",unknown,35,,Python; C++,2026-07-22T00:00:00.000Z,date_only,2026-07-22T21:06:13Z,https://apply.workable.com/pony-dot-ai/j/BA5FFDBC71/
workday:moog:/job/Buffalo-NY/Intern--Software-Engineering_R-26-18885-1,Moog,"Intern, Software Engineering",Not stated,True,,Internship,,Software,"Buffalo, NY",unknown,2,,,2026-07-22T00:00:00Z,date_only,2026-07-22T19:12:44Z,https://moog.wd5.myworkdayjobs.com/moog_external_career_site/job/Buffalo-NY/Intern--Software-Engineering_R-26-18885-1
greenhouse:virtu:8624408002,Virtu Financial,2027 Internship - Quantitative Trading,Summer 2027,False,,Internship,,Quant,"Austin, TX; Chicago; New York",unknown,,,Python; Java; C++; SQL,2026-07-21T15:54:04-04:00,exact,2026-08-07T00:49:01Z,https://job-boards.greenhouse.io/virtu/jobs/8624408002
greenhouse:virtu:8624410002,Virtu Financial,2027 Internship - Frontend Engineer (UI),Summer 2027,False,,Internship,,Software,New York,unknown,,,Python; Java; C++; JavaScript,2026-07-21T11:34:18-04:00,exact,2026-07-21T15:52:39Z,https://job-boards.greenhouse.io/virtu/jobs/8657500002
greenhouse:axontalentcommunity:7800628003,Axon,2027 US Firmware Engineering Internship,Summer 2027,False,,Internship,,Hardware,"Seattle, Washington, United States",unknown,,,Python; C++; Go; Rust; Linux,2026-07-20T21:57:45-04:00,exact,2026-07-21T02:57:41Z,https://job-boards.greenhouse.io/axontalentcommunity/jobs/7837246003
greenhouse:ctccampusboard:4708188005,Chicago Trading Company,Quant Trading Internship - Summer 2027,Summer 2027,False,,Internship,,Quant,"Chicago, Illinois, United States",unknown,,,Python,2026-07-20T13:38:31-04:00,exact,2026-08-07T00:49:01Z,https://job-boards.greenhouse.io/ctccampusboard/jobs/4708188005
greenhouse:ctccampusboard:4708230005,Chicago Trading Company,Software Engineering Internship - Summer 2027,Summer 2027,False,,Internship,,Software,"Chicago, Illinois, United States",unknown,,,Python; Java; C++,2026-07-20T11:59:16-04:00,exact,2026-07-20T18:11:27Z,https://job-boards.greenhouse.io/ctccampusboard/jobs/4708230005
workday:copart:/job/Dallas-TX---Headquarters/Software-Engineering-Intern_JR110079,Copart,Software Engineering Intern,Not stated,True,,Internship,,Software,"Dallas, TX - Headquarters",unknown,83,,Python; Java; TypeScript; JavaScript; SQL; LLMs; React; Next.js,2026-07-20T00:00:00Z,date_only,2026-07-27T06:47:27Z,https://copart.wd12.myworkdayjobs.com/copart/job/Dallas-TX---Headquarters/Software-Engineering-Intern_JR110079
workday:moog:/job/Buffalo-NY/Intern--IT-Computer-Science---Data-Analytics_R-26-17145,Moog,"Intern, IT Computer Science - Data Analytics",Fall 2026,False,,Internship,,Data & ML/AI,"Buffalo, NY",unknown,2,,,2026-07-16T00:00:00Z,date_only,2026-07-16T15:47:55Z,https://moog.wd5.myworkdayjobs.com/moog_external_career_site/job/Buffalo-NY/Intern--IT-Computer-Science---Data-Analytics_R-26-17145
greenhouse:oldmissioncapital:7796180003,Old Mission Capital,Software Engineer – 2027 Internship Program (June Start),Summer 2027,False,,Internship,,Software,"Chicago, IL, United States",unknown,8,,Python; C++; TypeScript,2026-07-15T13:45:13-04:00,exact,2026-08-02T22:34:22Z,https://www.oldmissioncapital.com/careers/?gh_jid=7796180003
greenhouse:fiveringsllc:5139668008,Five Rings,Summer Intern 2027 - Quantitative Trader,Summer 2027,False,,Internship,,Quant,New York,unknown,7,,,2026-07-14T13:48:21-04:00,exact,2026-08-07T00:49:01Z,https://job-boards.greenhouse.io/fiveringsllc/jobs/5139668008
greenhouse:fiveringsllc:5349707008,Five Rings,Summer Intern 2027 - Software Developer,Summer 2027,False,,Internship,,Software,New York,unknown,7,,Python; C++; Linux,2026-07-14T13:51:03-04:00,exact,2026-07-14T19:27:53Z,https://job-boards.greenhouse.io/fiveringsllc/jobs/5349707008
greenhouse:akunacapital:8018847,Akuna Capital,"Software Engineer Intern - C++, Summer 2027",Summer 2027,False,,Internship,,Software,"Chicago, IL",unknown,40,,C++; Python,2026-07-13T14:41:20-04:00,exact,2026-07-13T19:44:33Z,https://www.akunacapital.com/careers/job/8018847/?gh_jid=8018847
greenhouse:akunacapital:8018853,Akuna Capital,"Software Engineer Intern - Python, Summer 2027",Summer 2027,False,,Internship,,Software,"Chicago, IL",unknown,40,,Python,2026-07-13T14:21:39-04:00,exact,2026-07-13T19:44:33Z,https://www.akunacapital.com/careers/job/8018853/?gh_jid=8018853
greenhouse:akunacapital:8018856,Akuna Capital,"Platform Engineer Intern, Summer 2027",Summer 2027,False,,Internship,,Software,"Chicago, IL",unknown,40,,AWS; Kubernetes,2026-07-13T14:21:52-04:00,exact,2026-07-13T19:44:33Z,https://www.akunacapital.com/careers/job/8018856/?gh_jid=8018856
greenhouse:akunacapital:8018886,Akuna Capital,"Software Engineer Intern - C# .NET Desktop, Summer 2027",Summer 2027,False,,Internship,,Software,"Chicago, IL",unknown,40,,C#; .NET; Git,2026-07-13T14:21:28-04:00,exact,2026-07-13T19:44:33Z,https://www.akunacapital.com/careers/job/8018886/?gh_jid=8018886
greenhouse:akunacapital:8018893,Akuna Capital,"Software Engineer Intern - Full Stack Web, Summer 2027",Summer 2027,False,,Internship,,Software,"Chicago, IL",unknown,40,,Python; TypeScript; JavaScript; React; HTML/CSS; Linux; Git,2026-07-13T14:21:34-04:00,exact,2026-07-13T19:44:33Z,https://www.akunacapital.com/careers/job/8018893/?gh_jid=8018893
greenhouse:akunacapital:8036614,Akuna Capital,"Quantitative Research Intern, Summer 2027",Summer 2027,False,,Internship,,Quant,"Chicago, IL",unknown,40,,Python,2026-07-13T14:28:45-04:00,exact,2026-08-07T00:49:01Z,https://www.akunacapital.com/careers/job/8036614/?gh_jid=8036614
greenhouse:wehrtyou:7964062,Hudson River Trading,Algorithm Development (Quant Research & Trading) Internship – Summer 2027,Summer 2027,False,,Internship,,Quant,"London, United Kingdom; New York, NY, United States; Singapore",unknown,29,,Python; C++; MATLAB; Pandas,2026-07-13T11:39:48-04:00,exact,2026-08-07T00:49:01Z,https://www.hudsonrivertrading.com/careers/job/?gh_jid=7964062
greenhouse:wehrtyou:8052083,Hudson River Trading,Software Engineering Internship (C++ or Python) – Summer 2027,Summer 2027,False,,Internship,,Software,"Austin, TX, United States; Chicago, Illinois, United States; London, United Kingdom; New York, NY, United States; Singapore",unknown,29,,Python; C++,2026-07-13T11:35:06-04:00,exact,2026-07-13T18:00:59Z,https://www.hudsonrivertrading.com/careers/job/?gh_jid=8052083
greenhouse:flowtraders:8047166,Flow Traders,Quantitative Trading Intern Summer 2027,Summer 2027,False,,Internship,,Quant,New York,unknown,,,,2026-07-08T15:27:38-04:00,exact,2026-08-07T00:49:01Z,https://job-boards.greenhouse.io/flowtraders/jobs/8047166
greenhouse:towerresearchcapital:8024128,Tower Research Capital,Quantitative Trader/Researcher Intern - Summer 2027,Summer 2027,False,,Internship,,Quant,"New York, Chicago",unknown,38,,Python; C++; Linux,2026-07-05T17:48:24-04:00,exact,2026-08-07T00:49:01Z,https://www.tower-research.com/open-positions/?gh_jid=8024128
greenhouse:towerresearchcapital:8044334,Tower Research Capital,Quantitative Developer Intern - Summer 2027,Summer 2027,False,,Internship,,Quant,"New York, Chicago",unknown,38,,Python; C++; Linux,2026-07-05T17:48:21-04:00,exact,2026-07-05T23:08:17Z,https://www.tower-research.com/open-positions/?gh_jid=8044334
greenhouse:imc:4823923101,IMC Trading,Quantitative Trader Intern - Summer 2027,Summer 2027,False,,Internship,,Quant,"Chicago, United States",unknown,13,,Python; MATLAB,2026-07-01T13:11:12-04:00,exact,2026-08-07T00:49:01Z,https://job-boards.eu.greenhouse.io/imc/jobs/4823923101
greenhouse:imc:4823924101,IMC Trading,Software Engineer Intern - Summer 2027,Summer 2027,False,,Internship,,Software,"Chicago, United States",unknown,13,,Java; C++,2026-07-01T13:11:54-04:00,exact,2026-07-01T20:55:33Z,https://job-boards.eu.greenhouse.io/imc/jobs/4823924101
greenhouse:imc:4907399101,IMC Trading,Quantitative Research Intern (BS/MS) - Summer 2027,Summer 2027,False,,Internship,,Quant,"Chicago, United States",unknown,13,,Python; C++,2026-07-01T13:18:55-04:00,exact,2026-08-07T00:49:01Z,https://job-boards.eu.greenhouse.io/imc/jobs/4907399101
greenhouse:imc:4907430101,IMC Trading,Machine Learning Research Intern - Summer 2027 - Chicago,Summer 2027,False,,Internship,,Data & ML/AI,"Chicago, United States",unknown,13,,Python; PyTorch; TensorFlow,2026-07-01T13:18:38-04:00,exact,2026-07-01T20:55:33Z,https://job-boards.eu.greenhouse.io/imc/jobs/4907430101
workday:nvidia:/job/US-CA-Santa-Clara/Applied-Research-Intern--NLP---Fall-2026_JR2010488,NVIDIA,"Applied Research Intern, NLP - Fall 2026",Fall 2026,False,,Internship,,Data & ML/AI,"US, CA, Santa Clara",unknown,1526,,Python; PyTorch,2026-07-01T00:00:00Z,date_only,2026-07-02T18:48:20Z,https://nvidia.wd5.myworkdayjobs.com/NVIDIAExternalCareerSite/job/US-CA-Santa-Clara/Applied-Research-Intern--NLP---Fall-2026_JR2010488
ashby:junior:23ee686b-d305-4ac9-860d-16c99ddb4891,Junior,Software Engineering Intern — Fall 2026,Fall 2026,False,,Internship,,Software,New York City,citizens-only,,$40/hr,TypeScript; JavaScript; LLMs; Next.js,2026-06-30T18:51:50.247+00:00,exact,2026-07-13T11:18:44Z,https://jobs.ashbyhq.com/junior/23ee686b-d305-4ac9-860d-16c99ddb4891
greenhouse:figureai:4691070006,Figure,Firmware Intern [Fall 2026],Fall 2026,False,,Internship,,Hardware,"San Jose, CA",unknown,,$40–$45/hr,Python; C++,2026-06-22T14:13:34-04:00,exact,2026-06-30T12:14:22Z,https://job-boards.greenhouse.io/figureai/jobs/4691070006
workday:copart:/job/Dallas-TX---Headquarters/Software-Engineering-Intern_JR109441,Copart,Software Engineering Intern,Not stated,True,,Internship,,Software,"Dallas, TX - Headquarters",unknown,83,,Java; SQL; Spring; Kafka; Redis,2026-06-18T00:00:00Z,date_only,2026-07-16T07:39:11Z,https://copart.wd12.myworkdayjobs.com/copart/job/Dallas-TX---Headquarters/Software-Engineering-Intern_JR109441
lever:solopulseco:00fbde18-a387-4c9f-97d4-77059aec7b56,SoloPulse,Software Engineer Intern/Co-Op - Fall 2026,Fall 2026,False,,Internship / Co-op,,Software,"Peachtree Corners, GA",unknown,,,Python; C++; PyTorch; CUDA,2026-06-16T18:53:22Z,exact,2026-06-30T12:14:22Z,https://jobs.lever.co/solopulseco/00fbde18-a387-4c9f-97d4-77059aec7b56
greenhouse:voloridgeinvestmentmanagement:4224862009,Voloridge,Quantitative Developer Intern 2027,Summer 2027,False,,Internship,,Quant,"Jupiter, FL",unknown,,,Python; C++; C#; SQL,2026-06-11T09:46:12-04:00,exact,2026-07-20T10:59:21Z,https://job-boards.greenhouse.io/voloridgeinvestmentmanagement/jobs/4224862009
greenhouse:voloridgeinvestmentmanagement:4226247009,Voloridge,Quantitative Research Intern 2027,Summer 2027,False,,Internship,,Quant,"Jupiter, FL",unknown,,,Python,2026-06-11T10:40:18-04:00,exact,2026-08-07T00:49:01Z,https://job-boards.greenhouse.io/voloridgeinvestmentmanagement/jobs/4226247009
greenhouse:andurilindustries:5148079007,Anduril,2027 Software Engineer Intern,Summer 2027,False,,Internship,,Software,"Atlanta, Georgia, United States; Boston, Massachusetts, United States; Broomfield, Colorado, United States; Colorado Springs, Colorado, United States; Costa Mesa, California, United States; Fort Collins, Colorado, United States; Irvine, California, United States; Reston, Virginia, United States; Seattle, Washington, United States",citizens-only,,,Python; Java; C++; Rust; Computer Vision,2026-06-10T19:33:06-04:00,exact,2026-06-30T12:22:43Z,https://boards.greenhouse.io/andurilindustries/jobs/5148079007?gh_jid=5148079007
ashby:beaconsoftware:2452d342-a069-4eda-adbe-9df296808ca1,Beacon Software,Software Engineering Intern,Fall 2026,False,,Internship,,Software,"San Francisco, CA",unknown,,,Python; TypeScript; LLMs; dbt; Databricks; Snowflake; PostgreSQL,2026-06-02T00:08:18.727+00:00,exact,2026-07-16T07:39:11Z,https://jobs.ashbyhq.com/beaconsoftware/2452d342-a069-4eda-adbe-9df296808ca1
greenhouse:walleyecapital-external-students:4679168006,Walleye Capital,Quantic – Quantitative Developer Intern (Summer 2027),Summer 2027,False,,Internship,,Quant,"Boston, MA",unknown,,,Python; Bash; PyTorch; TensorFlow; scikit-learn; LLMs; Linux,2026-06-01T07:17:40-04:00,exact,2026-06-30T12:14:22Z,https://job-boards.greenhouse.io/walleyecapital-external-students/jobs/4679168006
amazon:amazon:10412530,Amazon,"Software Development Engineer Intern, AWS Data Services - Fall 2026 (US)",Fall 2026,False,,Internship,,Data & ML/AI,"Seattle, Washington, USA",unknown,23139,,AWS; Python; Java; C++; C#; Rust; TypeScript; SQL,2026-05-06T00:00:00Z,date_only,2026-06-30T17:50:48Z,https://www.amazon.jobs/en/jobs/10412530/software-development-engineer-intern-aws-data-services-fall-2026-us
workday:motorolasolutions:/job/Irvine-CA/Intern---Embedded-Software--System--and-Test-Engineer---2026_R62372,Motorola,"Intern - Embedded Software, System, and Test Engineer - 2026",Fall 2026,False,,Internship,,Software,"Irvine, CA",citizens-only,,,,2026-03-30T00:00:00Z,date_only,2026-07-01T20:55:33Z,https://motorolasolutions.wd5.myworkdayjobs.com/Careers/job/Irvine-CA/Intern---Embedded-Software--System--and-Test-Engineer---2026_R62372
ashby:ellipsislabs:02136b22-35b1-4b3d-8bef-567c3380a849,Ellipsis Labs,Software Engineer - 2027 Interns,Summer 2027,False,,Internship,,Software,"New York, New York",unknown,,$10K per month,Python; Java; C++; Rust; TypeScript; JavaScript; React; Docker,2026-03-26T19:40:01.700+00:00,exact,2026-06-30T12:14:22Z,https://jobs.ashbyhq.com/ellipsislabs/02136b22-35b1-4b3d-8bef-567c3380a849
lever:hermeus:51378fa0-0327-45fd-9420-b6e7d8b56440,Hermeus,Flight Software Engineering Intern - Fall 2026,Fall 2026,False,,Internship,,Software,"Atlanta, GA",citizens-only,,25–33 USD/hr,C++,2026-03-04T23:43:47Z,exact,2026-06-30T12:14:22Z,https://jobs.lever.co/hermeus/51378fa0-0327-45fd-9420-b6e7d8b56440
amazon:amazon:3104589,Amazon,"Robotics - Applied Scientist II Intern / Co-op - 2026 (Robotics, Manipulation, Perception, Motion Planning, Autonomous Mobile Robots, Computer Vision, Machine Learning, Controls, and more)",Fall 2026,False,,Internship / Co-op,,Data & ML/AI,"North Reading, Massachusetts, USA",unknown,23139,,Computer Vision; Python; Java; C++; LLMs,2025-10-08T00:00:00Z,date_only,2026-06-30T17:50:48Z,https://www.amazon.jobs/en/jobs/3104589/robotics-applied-scientist-ii-intern-co-op-2026-robotics-manipulation-perception-motion-planning-autonomous-mobile-robots-computer-vision-machine-learning-controls-and-more
greenhouse:virtu:8142539002,Virtu Financial,2027 Internship - Quantitative Researcher (Undergrad),Summer 2027,False,,Internship,,Quant,New York,unknown,,,Python; C++; Pandas,2025-09-12T07:14:41-04:00,exact,2026-08-07T00:49:01Z,https://job-boards.greenhouse.io/virtu/jobs/8142539002
greenhouse:point72:7297642002,Point72,Summer 2027 Quantitative Research Internship,Summer 2027,False,,Internship,,Quant,New York,unknown,48,,Python; C++,2024-08-15T17:28:38-04:00,exact,2026-08-07T00:49:01Z,https://boards.greenhouse.io/point72/jobs/7297642002?gh_jid=7297642002
